,date,newCases,newDeaths,newTestsOne,newTestsTwo,newTestsThree,newTestsFour,newAdmissions,newDeathsPerMillion,newDeathsPerMillion7Day,newCasesPerMillion,newCasesPerMillion7Day,newAdmissionsPerMillion,newAdmissionsPerMillion7Day,newTests,positivity,positivity7Day
0,2020-01-03,0,0,,,,,,0.0,,0.0,,,,0.0,,
1,2020-01-04,0,0,,,,,,0.0,,0.0,,,,0.0,,
2,2020-01-05,0,0,,,,,,0.0,,0.0,,,,0.0,,
3,2020-01-06,0,0,,,,,,0.0,,0.0,,,,0.0,,
4,2020-01-07,0,0,,,,,,0.0,,0.0,,,,0.0,,
5,2020-01-08,0,0,,,,,,0.0,,0.0,,,,0.0,,
6,2020-01-09,0,0,,,,,,0.0,0.0,0.0,0.0,,0.0,0.0,,
7,2020-01-10,0,0,,,,,,0.0,0.0,0.0,0.0,,0.0,0.0,,
8,2020-01-11,0,0,,,,,,0.0,0.0,0.0,0.0,,0.0,0.0,,
9,2020-01-12,0,0,,,,,,0.0,0.0,0.0,0.0,,0.0,0.0,,
10,2020-01-13,0,0,,,,,,0.0,0.0,0.0,0.0,,0.0,0.0,,
11,2020-01-14,0,0,,,,,,0.0,0.0,0.0,0.0,,0.0,0.0,,
12,2020-01-15,0,0,,,,,,0.0,0.0,0.0,0.0,,0.0,0.0,,
13,2020-01-16,0,0,,,,,,0.0,0.0,0.0,0.0,,0.0,0.0,,
14,2020-01-17,0,0,,,,,,0.0,0.0,0.0,0.0,,0.0,0.0,,
15,2020-01-18,0,0,,,,,,0.0,0.0,0.0,0.0,,0.0,0.0,,
16,2020-01-19,0,0,,,,,,0.0,0.0,0.0,0.0,,0.0,0.0,,
17,2020-01-20,0,0,,,,,,0.0,0.0,0.0,0.0,,0.0,0.0,,
18,2020-01-21,0,0,,,,,,0.0,0.0,0.0,0.0,,0.0,0.0,,
19,2020-01-22,0,0,,,,,,0.0,0.0,0.0,0.0,,0.0,0.0,,
20,2020-01-23,0,0,,,,,,0.0,0.0,0.0,0.0,,0.0,0.0,,
21,2020-01-24,0,0,,,,,,0.0,0.0,0.0,0.0,,0.0,0.0,,
22,2020-01-25,0,0,,,,,,0.0,0.0,0.0,0.0,,0.0,0.0,,
23,2020-01-26,0,0,,,,,,0.0,0.0,0.0,0.0,,0.0,0.0,,
24,2020-01-27,0,0,,,,,,0.0,0.0,0.0,0.0,,0.0,0.0,,
25,2020-01-28,0,0,,,,,,0.0,0.0,0.0,0.0,,0.0,0.0,,
26,2020-01-29,0,0,,,,,,0.0,0.0,0.0,0.0,,0.0,0.0,,
27,2020-01-30,0,0,,,,,,0.0,0.0,0.0,0.0,,0.0,0.0,,
28,2020-01-31,0,0,,,,,,0.0,0.0,0.0,0.0,,0.0,0.0,,
29,2020-02-01,0,0,,,,,,0.0,0.0,0.0,0.0,,0.0,0.0,,
30,2020-02-02,0,0,,,,,,0.0,0.0,0.0,0.0,,0.0,0.0,,
31,2020-02-03,0,0,,,,,,0.0,0.0,0.0,0.0,,0.0,0.0,,
32,2020-02-04,0,0,,,,,,0.0,0.0,0.0,0.0,,0.0,0.0,,
33,2020-02-05,0,0,,,,,,0.0,0.0,0.0,0.0,,0.0,0.0,,
34,2020-02-06,0,0,,,,,,0.0,0.0,0.0,0.0,,0.0,0.0,,
35,2020-02-07,0,0,,,,,,0.0,0.0,0.0,0.0,,0.0,0.0,,
36,2020-02-08,0,0,,,,,,0.0,0.0,0.0,0.0,,0.0,0.0,,
37,2020-02-09,0,0,,,,,,0.0,0.0,0.0,0.0,,0.0,0.0,,
38,2020-02-10,0,0,,,,,,0.0,0.0,0.0,0.0,,0.0,0.0,,
39,2020-02-11,0,0,,,,,,0.0,0.0,0.0,0.0,,0.0,0.0,,
40,2020-02-12,0,0,,,,,,0.0,0.0,0.0,0.0,,0.0,0.0,,
41,2020-02-13,0,0,,,,,,0.0,0.0,0.0,0.0,,0.0,0.0,,
42,2020-02-14,0,0,,,,,,0.0,0.0,0.0,0.0,,0.0,0.0,,
43,2020-02-15,0,0,,,,,,0.0,0.0,0.0,0.0,,0.0,0.0,,
44,2020-02-16,0,0,,,,,,0.0,0.0,0.0,0.0,,0.0,0.0,,
45,2020-02-17,0,0,,,,,,0.0,0.0,0.0,0.0,,0.0,0.0,,
46,2020-02-18,0,0,,,,,,0.0,0.0,0.0,0.0,,0.0,0.0,,
47,2020-02-19,0,0,,,,,,0.0,0.0,0.0,0.0,,0.0,0.0,,
48,2020-02-20,0,0,,,,,,0.0,0.0,0.0,0.0,,0.0,0.0,,
49,2020-02-21,0,0,,,,,,0.0,0.0,0.0,0.0,,0.0,0.0,,
50,2020-02-22,0,0,,,,,,0.0,0.0,0.0,0.0,,0.0,0.0,,
51,2020-02-23,0,0,,,,,,0.0,0.0,0.0,0.0,,0.0,0.0,,
52,2020-02-24,0,0,,,,,,0.0,0.0,0.0,0.0,,0.0,0.0,,
53,2020-02-25,0,0,,,,,,0.0,0.0,0.0,0.0,,0.0,0.0,,
54,2020-02-26,0,0,,,,,,0.0,0.0,0.0,0.0,,0.0,0.0,,
55,2020-02-27,0,0,,,,,,0.0,0.0,0.0,0.0,,0.0,0.0,,
56,2020-02-28,0,0,,,,,,0.0,0.0,0.0,0.0,,0.0,0.0,,
57,2020-02-29,0,0,,,,,,0.0,0.0,0.0,0.0,,0.0,0.0,,
58,2020-03-01,0,0,,,,,,0.0,0.0,0.0,0.0,,0.0,0.0,,
59,2020-03-02,0,0,,,,,1.0,0.0,0.0,0.0,0.0,0.5280759499954322,0.07543942142791889,0.0,,
60,2020-03-03,0,0,,,,,0.0,0.0,0.0,0.0,0.0,0.0,0.07543942142791889,0.0,,
61,2020-03-04,0,0,,,,,0.0,0.0,0.0,0.0,0.0,0.0,0.07543942142791889,0.0,,
62,2020-03-05,0,0,,,,,1.0,0.0,0.0,0.0,0.0,0.5280759499954322,0.15087884285583777,0.0,,
63,2020-03-06,2,0,,,,,3.0,0.0,0.0,1.0561518999908643,0.15087884285583777,1.5842278499862965,0.3771971071395944,0.0,inf,
64,2020-03-07,2,0,,,,,0.0,0.0,0.0,1.0561518999908643,0.30175768571167555,0.0,0.3771971071395944,0.0,inf,
65,2020-03-08,5,0,,,,,0.0,0.0,0.0,2.6403797499771606,0.6789547928512699,0.0,0.3771971071395944,0.0,inf,
66,2020-03-09,3,0,,,,,1.0,0.0,0.0,1.5842278499862965,0.9052730571350266,0.5280759499954322,0.3771971071395944,0.0,inf,
67,2020-03-10,0,0,,,,,2.0,0.0,0.0,0.0,0.9052730571350266,1.0561518999908643,0.5280759499954322,0.0,,
68,2020-03-11,2,0,,,,,3.0,0.0,0.0,1.0561518999908643,1.0561518999908643,1.5842278499862965,0.7543942142791888,0.0,inf,
69,2020-03-12,1,0,,,,,4.0,0.0,0.0,0.5280759499954322,1.1315913214187832,2.1123037999817287,0.9807124785629454,0.0,inf,
70,2020-03-13,10,0,,,,,2.0,0.0,0.0,5.280759499954321,1.7351066928421341,1.0561518999908643,0.9052730571350266,0.0,inf,
71,2020-03-14,5,0,,,,,2.0,0.0,0.0,2.6403797499771606,1.9614249571258908,1.0561518999908643,1.0561518999908643,0.0,inf,
72,2020-03-15,11,0,,,,,1.0,0.0,0.0,5.808835449949753,2.414061485693404,0.5280759499954322,1.1315913214187832,0.0,inf,
73,2020-03-16,7,0,,,,,4.0,0.0,0.0,3.696531649968025,2.7158191714050797,2.1123037999817287,1.3579095857025398,0.0,inf,
74,2020-03-17,10,0,,,,,4.0,0.0,0.0,5.280759499954321,3.4702133856842683,2.1123037999817287,1.5087884285583777,0.0,inf,inf
75,2020-03-18,6,0,,,,,7.0,0.0,0.0,3.168455699972593,3.771971071395944,3.696531649968025,1.8105461142700532,0.0,inf,inf
76,2020-03-19,9,0,,,,,5.0,0.0,0.0,4.752683549958889,4.3754864428192946,2.6403797499771606,1.885985535697972,0.0,inf,inf
77,2020-03-20,9,0,,,,,10.0,0.0,0.0,4.752683549958889,4.300047021391376,5.280759499954321,2.489500907121323,0.0,inf,inf
78,2020-03-21,22,1,,,,,11.0,0.5280759499954322,0.07543942142791889,11.617670899899506,5.5825171856659965,5.808835449949753,3.1684556999725926,0.0,inf,inf
79,2020-03-22,20,0,,,,,8.0,0.0,0.07543942142791889,10.561518999908643,6.261471978517267,4.224607599963457,3.696531649968025,0.0,inf,inf
80,2020-03-23,20,1,,,,,16.0,0.5280759499954322,0.15087884285583777,10.561518999908643,7.242184457080212,8.449215199926915,4.601804707103051,0.0,inf,inf
81,2020-03-24,24,2,,,,,15.0,1.0561518999908643,0.30175768571167555,12.673822799890372,8.298336357071076,7.921139249931482,5.431638342810159,0.0,inf,inf
82,2020-03-25,37,2,,,,,29.0,1.0561518999908643,0.4526365285675133,19.53881014983099,10.636958421336562,15.314202549867533,7.091305614224375,0.0,inf,inf
83,2020-03-26,32,3,,,,,29.0,1.5842278499862965,0.6789547928512699,16.89843039985383,12.372065114178696,15.314202549867533,8.901851728494428,0.0,inf,inf
84,2020-03-27,34,3,,,,,29.0,1.5842278499862965,0.9052730571350266,17.95458229984469,14.258050649876667,15.314202549867533,10.335200735624886,0.0,inf,inf
85,2020-03-28,49,2,,,,,38.0,1.0561518999908643,0.9807124785629454,25.875721549776173,16.294915028430477,20.066886099826423,12.372065114178696,0.0,inf,inf
86,2020-03-29,86,6,,,,,35.0,3.168455699972593,1.4333490071304587,45.41453169960717,21.273916842673124,18.482658249840124,14.408929492732506,0.0,inf,inf
87,2020-03-30,123,1,,,,,34.0,0.5280759499954322,1.4333490071304587,64.95334184943816,29.04417724974877,17.95458229984469,15.766839078435046,0.0,inf,inf
88,2020-03-31,53,6,,,,,46.0,3.168455699972593,1.7351066928421344,27.988025349757905,31.231920471158418,24.29149369978988,18.10546114270053,0.0,inf,inf
89,2020-04-01,103,2,,,,,44.0,1.0561518999908643,1.7351066928421344,54.39182284952951,36.21092228540106,23.235341799799013,19.237052464119312,0.0,inf,inf
90,2020-04-02,85,6,,,,,43.0,3.168455699972593,1.9614249571258908,44.886455749611734,40.20921162108076,22.707265849803584,20.293204364110178,0.0,inf,inf
91,2020-04-03,130,12,,,,,44.0,6.336911399945186,2.6403797499771606,68.64987349940618,47.451396078160975,23.235341799799013,21.42479568552896,0.0,inf,inf
92,2020-04-04,94,8,,,,,41.0,4.224607599963457,3.093016278544674,49.63913929957062,50.84617004241733,21.651113949812718,21.651113949812718,0.0,inf,inf
93,2020-04-05,91,7,,,,,27.0,3.696531649968025,3.168455699972593,48.054911449584324,51.22336714955692,14.258050649876669,21.047598578389366,0.0,inf,inf
94,2020-04-06,69,7,,,,,40.0,3.696531649968025,3.6210922285401064,36.437240549684816,47.1496383924493,21.123037999817285,21.50023510695688,0.0,inf,inf
95,2020-04-07,97,3,,,,,39.0,1.5842278499862965,3.3947739642563497,51.22336714955692,50.46897293527773,20.594962049821852,20.972159156961446,0.0,inf,inf
96,2020-04-08,84,5,,,,,32.0,2.6403797499771606,3.6210922285401064,44.3583797996163,49.035623928147274,16.89843039985383,20.066886099826423,0.0,inf,inf
97,2020-04-09,138,4,,,,,33.0,2.1123037999817287,3.4702133856842683,72.87448109936963,53.033913263826975,17.426506349849262,19.31249188554723,0.0,inf,inf
98,2020-04-10,112,10,,,,,19.0,5.280759499954321,3.3193345428284307,59.1445063994884,51.67600367812443,10.033443049913211,17.426506349849262,0.0,inf,inf
99,2020-04-11,128,15,,,,,22.0,7.921139249931482,3.8474104928238626,67.59372159941532,54.24094400667367,11.617670899899506,15.993157342718803,0.0,inf,inf
100,2020-04-12,89,11,,,,,22.0,5.808835449949753,4.149168178535538,46.99875954959346,54.09006516381783,11.617670899899506,15.615960235579207,0.0,inf,inf
101,2020-04-13,76,6,,,,,16.0,3.168455699972593,4.073728757107619,40.133772199652846,54.618141113813266,8.449215199926915,13.805414121309155,0.0,inf,inf
102,2020-04-14,85,10,,,,,22.0,5.280759499954321,4.601804707103051,44.886455749611734,53.71286805667824,11.617670899899506,12.522943957034533,0.0,inf,inf
103,2020-04-15,121,6,,,,,23.0,3.168455699972593,4.677244128530971,63.89718994944729,56.50412664951124,12.14574684989494,11.843989164183263,0.0,inf,inf
104,2020-04-16,113,18,,,,,32.0,9.505367099917779,5.733396028521835,59.67258234948383,54.618141113813266,16.89843039985383,11.768549742755345,0.0,inf,inf
105,2020-04-17,137,18,,,,,32.0,9.505367099917779,6.336911399945186,72.3464051493742,56.50412664951124,16.89843039985383,12.74926222131829,0.0,inf,inf
106,2020-04-18,148,17,,,,,14.0,8.977291149922346,6.487790242801023,78.15524059932396,58.01291507806962,7.39306329993605,12.14574684989494,0.0,inf,inf
107,2020-04-19,159,1,,,,,22.0,0.5280759499954322,5.733396028521835,83.96407604927371,63.29367457802394,11.617670899899506,12.14574684989494,0.0,inf,inf
108,2020-04-20,83,13,,,,,33.0,6.864987349940618,6.261471978517267,43.83030384962087,63.82175052801937,17.426506349849262,13.42821701416956,0.0,inf,inf
109,2020-04-21,30,13,556.0,,,,31.0,6.864987349940618,6.487790242801023,15.842278499862964,59.67258234948383,16.370354449858397,14.10717180702083,556.0,0.0539568345323741,inf
110,2020-04-22,116,30,1006.0,,,,27.0,15.842278499862964,8.298336357071076,61.25681019947013,59.29538524234424,14.258050649876669,14.408929492732506,1006.0,0.11530815109343936,inf
111,2020-04-23,142,13,767.0,,,,24.0,6.864987349940618,7.921139249931482,74.98678489935136,61.483128463753886,12.673822799890372,13.805414121309155,767.0,0.18513689700130379,inf
112,2020-04-24,106,15,1132.0,,,,23.0,7.921139249931482,7.694820985647725,55.97605069951581,59.1445063994884,12.14574684989494,13.126459328457885,1132.0,0.09363957597173145,inf
113,2020-04-25,104,16,874.0,,,,19.0,8.449215199926915,7.619381564219807,54.919898799524944,55.82517185665997,10.033443049913211,13.50365643559748,874.0,0.11899313501144165,inf
114,2020-04-26,82,5,754.0,,,,11.0,2.6403797499771606,7.921139249931482,43.302227899625436,50.01633640671022,5.808835449949753,12.673822799890372,754.0,0.10875331564986737,inf
115,2020-04-27,66,10,595.0,,,,23.0,5.280759499954321,7.694820985647725,34.853012699698525,48.733866242435596,12.14574684989494,11.919428585611183,595.0,0.11092436974789915,0.11238746842972241
116,2020-04-28,34,20,983.0,,,,9.0,10.561518999908643,8.222896935643158,17.95458229984469,49.035623928147274,4.752683549958889,10.259761314196968,983.0,0.03458799593082401,0.10962049148664382
117,2020-04-29,55,9,1419.0,,,,17.0,4.752683549958889,6.638669085656861,29.044177249748767,44.43381922104422,8.977291149922346,9.505367099917779,1419.0,0.03875968992248062,0.09868499703364972
118,2020-04-30,73,9,1319.0,,,,28.0,4.752683549958889,6.336911399945186,38.54954434966655,39.22849914251782,14.7861265998721,9.807124785629455,1319.0,0.05534495830174375,0.08014329150514114
119,2020-05-01,87,18,1328.0,,,,19.0,9.505367099917779,6.563229664228943,45.9426076496026,37.79515013538736,10.033443049913211,9.505367099917779,1328.0,0.06551204819277108,0.07612507325100396
120,2020-05-02,66,11,1204.0,,,,11.0,5.808835449949753,6.186032557089348,34.853012699698525,34.92845212112644,5.808835449949753,8.901851728494428,1204.0,0.054817275747508304,0.06695709335615632
121,2020-05-03,78,5,1317.0,,,,11.0,2.6403797499771606,6.186032557089348,41.189924099643704,34.62669443541476,5.808835449949753,8.901851728494428,1317.0,0.05922551252847381,0.05988169291024296
122,2020-05-04,69,6,1148.0,,,,11.0,3.168455699972593,5.884274871377673,36.437240549684816,34.853012699698525,5.808835449949753,7.9965786713594005,1148.0,0.06010452961672474,0.052621715748646616
123,2020-05-05,45,17,1301.0,,,,12.0,8.977291149922346,5.657956607093916,23.763417749794446,35.68284633540563,6.336911399945186,8.222896935643158,1301.0,0.034588777863182166,0.05262182745326921
124,2020-05-06,53,14,1357.0,,,,17.0,7.39306329993605,6.03515371423351,27.988025349757905,35.53196749254979,8.977291149922346,8.222896935643158,1357.0,0.039056742815033164,0.052664263580776714
125,2020-05-07,50,4,1559.0,,,,11.0,2.1123037999817287,5.657956607093916,26.403797499771606,33.79686079970766,5.808835449949753,6.940426771368537,1559.0,0.03207184092366902,0.04933953252676604
126,2020-05-08,38,4,1453.0,,,,8.0,2.1123037999817287,4.601804707103051,20.066886099826423,30.100329149739633,4.224607599963457,6.1105931356614285,1453.0,0.02615278733654508,0.04371678097587661
127,2020-05-09,56,4,1220.0,,,,16.0,2.1123037999817287,4.073728757107619,29.5722531997442,29.34593493546044,8.449215199926915,6.487790242801023,1220.0,0.04590163934426229,0.04244311863255575
128,2020-05-10,41,5,1119.0,,,,18.0,2.6403797499771606,4.073728757107619,21.651113949812718,26.554676342627445,9.505367099917779,7.015866192796455,1119.0,0.03663985701519214,0.03921659641637266
129,2020-05-11,30,3,934.0,,,,22.0,1.5842278499862965,3.8474104928238626,15.842278499862964,23.61253890693861,11.617670899899506,7.845699828503563,934.0,0.032119914346895075,0.03521879423496842
130,2020-05-12,44,9,1393.0,,,,13.0,4.752683549958889,3.2438951214005116,23.235341799799013,23.53709948551069,6.864987349940618,7.921139249931482,1393.0,0.03158650394831299,0.03478989796141568
131,2020-05-13,60,2,1405.0,,,,19.0,1.0561518999908643,2.3386220642654854,31.684556999725928,24.06517543550612,10.033443049913211,8.07201809278732,1405.0,0.042704626334519574,0.03531102417848517
132,2020-05-14,38,5,1406.0,,,,15.0,2.6403797499771606,2.414061485693404,20.066886099826423,23.159902378371097,7.921139249931482,8.373775778498995,1406.0,0.02702702702702703,0.03459033647896488
133,2020-05-15,26,15,1497.0,,,,13.0,7.921139249931482,3.2438951214005116,13.729974699881236,22.25462932123607,6.864987349940618,8.750972885638589,1497.0,0.01736806947227789,0.03333537678406957
134,2020-05-16,40,4,1269.0,,,,10.0,2.1123037999817287,3.2438951214005116,21.123037999817285,21.047598578389366,5.280759499954321,8.298336357071076,1269.0,0.03152088258471237,0.031280982961276724
135,2020-05-17,28,3,924.0,,,,13.0,1.5842278499862965,3.093016278544674,14.7861265998721,20.06688609982642,6.864987349940618,7.921139249931482,924.0,0.030303030303030304,0.030375722002396462
136,2020-05-18,16,6,960.0,,,,13.0,3.168455699972593,3.3193345428284307,8.449215199926915,19.010734199835557,6.864987349940618,7.242184457080213,960.0,0.016666666666666666,0.02816811519093526
137,2020-05-19,20,7,1321.0,,,,10.0,3.696531649968025,3.168455699972593,10.561518999908643,17.200188085565504,5.280759499954321,7.015866192796456,1321.0,0.01514004542013626,0.02581862111548144
138,2020-05-20,18,5,1546.0,,,,6.0,2.6403797499771606,3.3947739642563493,9.505367099917779,14.031732385592912,3.168455699972593,6.03515371423351,1546.0,0.01164294954721863,0.02138123871729559
139,2020-05-21,42,7,1405.0,,,,7.0,3.696531649968025,3.5456528071121873,22.17918989980815,14.333490071304587,3.696531649968025,5.431638342810159,1405.0,0.0298932384341637,0.021790697489743688
140,2020-05-22,23,3,1519.0,,,,4.0,1.5842278499862965,2.6403797499771606,12.14574684989494,14.10717180702083,2.1123037999817287,4.752683549958889,1519.0,0.015141540487162607,0.021472621920441505
141,2020-05-23,41,1,1370.0,,,,4.0,0.5280759499954322,2.414061485693404,21.651113949812718,14.18261122844875,2.1123037999817287,4.300047021391376,1370.0,0.029927007299270073,0.021244925451092606
142,2020-05-24,25,1,1084.0,,,,4.0,0.5280759499954322,2.2631826428375663,13.201898749885803,13.956292964164993,2.1123037999817287,3.6210922285401064,1084.0,0.023062730627306273,0.02021059692598917
143,2020-05-25,39,8,928.0,,,,9.0,4.224607599963457,2.414061485693404,20.594962049821852,15.691399657007127,4.752683549958889,3.3193345428284307,928.0,0.04202586206896552,0.02383333912631758
144,2020-05-26,28,0,1241.0,,,,9.0,0.0,1.885985535697972,14.7861265998721,16.294915028430477,4.752683549958889,3.2438951214005116,1241.0,0.022562449637389202,0.024893682585925142
145,2020-05-27,26,2,1392.0,,,,6.0,1.0561518999908643,1.6596672714142153,13.729974699881236,16.89843039985383,3.168455699972593,3.2438951214005116,1392.0,0.01867816091954023,0.025898712781971086
146,2020-05-28,16,2,1346.0,,,,6.0,1.0561518999908643,1.282470164274621,8.449215199926915,14.937005442727937,3.168455699972593,3.168455699972593,1346.0,0.01188707280832095,0.023326403406850695
147,2020-05-29,17,3,1247.0,,,,6.0,1.5842278499862965,1.282470164274621,8.977291149922346,14.484368914160424,3.168455699972593,3.3193345428284307,1247.0,0.0136327185244587,0.023110857412178706
148,2020-05-30,13,1,1238.0,,,,5.0,0.5280759499954322,1.282470164274621,6.864987349940618,12.372065114178696,2.6403797499771606,3.3947739642563497,1238.0,0.01050080775444265,0.02033568604863193
149,2020-05-31,7,1,1147.0,,,,4.0,0.5280759499954322,1.282470164274621,3.696531649968025,11.014155528476156,2.1123037999817287,3.3947739642563497,1147.0,0.006102877070619006,0.017912849826248037
150,2020-06-01,12,1,831.0,,,,2.0,0.5280759499954322,0.7543942142791888,6.336911399945186,8.977291149922346,1.0561518999908643,2.8666980142609173,831.0,0.01444043321299639,0.013972074275395305
151,2020-06-02,4,2,1294.0,,,,4.0,1.0561518999908643,0.9052730571350266,2.1123037999817287,7.166745035652293,2.1123037999817287,2.489500907121323,1294.0,0.0030911901081916537,0.011190465771224225
152,2020-06-03,8,8,1856.0,,,,4.0,4.224607599963457,1.3579095857025398,4.224607599963457,5.808835449949754,2.1123037999817287,2.3386220642654854,1856.0,0.004310344827586207,0.009137920615230794
153,2020-06-04,33,1,1500.0,,,,3.0,0.5280759499954322,1.282470164274621,17.426506349849262,7.091305614224375,1.5842278499862965,2.1123037999817287,1500.0,0.022,0.010582624499756372
154,2020-06-05,3,1,1536.0,,,,2.0,0.5280759499954322,1.1315913214187832,1.5842278499862965,6.035153714233511,1.0561518999908643,1.8105461142700532,1536.0,0.001953125,0.008914111139119415
155,2020-06-06,14,1,1165.0,,,,3.0,0.5280759499954322,1.1315913214187832,7.39306329993605,6.110593135661429,1.5842278499862965,1.6596672714142153,1165.0,0.01201716738197425,0.009130733943052501
156,2020-06-07,6,0,1338.0,,,,1.0,0.0,1.0561518999908643,3.168455699972593,6.035153714233511,0.5280759499954322,1.4333490071304587,1338.0,0.004484304932735426,0.008899509351926274
157,2020-06-08,6,0,1004.0,,,,2.0,0.0,0.9807124785629454,3.168455699972593,5.582517185665997,1.0561518999908643,1.4333490071304587,1004.0,0.00597609561752988,0.0076903182668596306
158,2020-06-09,3,0,1242.0,,,,7.0,0.0,0.8298336357071077,1.5842278499862965,5.507077764238078,3.696531649968025,1.6596672714142153,1242.0,0.0024154589371980675,0.007593785242431976
159,2020-06-10,13,0,1690.0,,,,7.0,0.0,0.22631826428375665,6.864987349940618,5.884274871377673,3.696531649968025,1.885985535697972,1690.0,0.007692307692307693,0.008076922794535046
160,2020-06-11,4,1,1330.0,,,,6.0,0.5280759499954322,0.22631826428375665,2.1123037999817287,3.696531649968025,3.168455699972593,2.1123037999817287,1330.0,0.0030075187969924814,0.0053637111941053995
161,2020-06-12,16,1,1354.0,,,,2.0,0.5280759499954322,0.22631826428375665,8.449215199926915,4.677244128530971,1.0561518999908643,2.1123037999817287,1354.0,0.011816838995568686,0.006772813193472355
162,2020-06-13,3,2,1189.0,,,,4.0,1.0561518999908643,0.30175768571167555,1.5842278499862965,3.847410492823863,2.1123037999817287,2.1877432214096473,1189.0,0.002523128679562658,0.005416521950270699
163,2020-06-14,7,0,1005.0,,,,0.0,0.0,0.30175768571167555,3.696531649968025,3.9228499142517816,0.0,2.1123037999817287,1005.0,0.006965174129353234,0.005770931835501814
164,2020-06-15,4,0,952.0,,,,0.0,0.0,0.30175768571167555,2.1123037999817287,3.771971071395944,0.0,1.9614249571258908,952.0,0.004201680672268907,0.005517443986178818
165,2020-06-16,2,1,1432.0,,,,1.0,0.5280759499954322,0.3771971071395944,1.0561518999908643,3.696531649968025,0.5280759499954322,1.5087884285583777,1432.0,0.0013966480446927375,0.005371899572963771
166,2020-06-17,8,1,1467.0,,,,2.0,0.5280759499954322,0.4526365285675133,4.224607599963457,3.3193345428284307,1.0561518999908643,1.1315913214187832,1467.0,0.0054533060668029995,0.005052042197891672
167,2020-06-18,1,0,1247.0,,,,0.0,0.0,0.3771971071395944,0.5280759499954322,3.093016278544674,0.0,0.6789547928512699,1247.0,0.0008019246190858059,0.004736957315333575
168,2020-06-19,3,1,1448.0,,,,2.0,0.5280759499954322,0.3771971071395944,1.5842278499862965,2.1123037999817287,1.0561518999908643,0.6789547928512699,1448.0,0.0020718232044198894,0.0033448122023123188
169,2020-06-20,0,1,1125.0,,,,3.0,0.5280759499954322,0.30175768571167555,0.0,1.885985535697972,1.5842278499862965,0.6035153714233511,1125.0,0.0,0.002984365248089082
170,2020-06-21,4,0,690.0,,,,3.0,0.0,0.30175768571167555,2.1123037999817287,1.6596672714142153,1.5842278499862965,0.8298336357071077,690.0,0.005797101449275362,0.002817497722363672
171,2020-06-22,1,0,884.0,,,,2.0,0.0,0.30175768571167555,0.5280759499954322,1.4333490071304587,1.0561518999908643,0.9807124785629454,884.0,0.0011312217194570137,0.00237886072910483
172,2020-06-23,0,1,1288.0,,,,3.0,0.5280759499954322,0.30175768571167555,0.0,1.282470164274621,1.5842278499862965,1.1315913214187832,1288.0,0.0,0.0021793395798630102
173,2020-06-24,2,1,1408.0,,,,2.0,0.5280759499954322,0.30175768571167555,1.0561518999908643,0.8298336357071077,1.0561518999908643,1.1315913214187832,1408.0,0.0014204545454545455,0.0016032179339560881
174,2020-06-25,1,0,1142.0,,,,0.0,0.0,0.30175768571167555,0.5280759499954322,0.8298336357071077,0.0,1.1315913214187832,1142.0,0.0008756567425569177,0.0016137510944519613
175,2020-06-26,4,1,971.0,,,,1.0,0.5280759499954322,0.30175768571167555,2.1123037999817287,0.9052730571350266,0.5280759499954322,1.0561518999908643,971.0,0.004119464469618949,0.001906271275194684
176,2020-06-27,2,1,1039.0,,,,0.0,0.5280759499954322,0.30175768571167555,1.0561518999908643,1.0561518999908643,0.0,0.8298336357071077,1039.0,0.0019249278152069298,0.0021812609630813885
177,2020-06-28,1,1,700.0,,,,3.0,0.5280759499954322,0.3771971071395944,0.5280759499954322,0.8298336357071077,1.5842278499862965,0.8298336357071077,700.0,0.0014285714285714286,0.0015571852458379693
178,2020-06-29,6,1,614.0,,,,0.0,0.5280759499954322,0.4526365285675133,3.168455699972593,1.2070307428467022,0.0,0.6789547928512699,614.0,0.009771986970684038,0.002791580281727544
179,2020-06-30,3,0,1164.0,,,,2.0,0.0,0.3771971071395944,1.5842278499862965,1.4333490071304587,1.0561518999908643,0.6035153714233511,1164.0,0.002577319587628866,0.0031597687942459536
180,2020-07-01,1,0,1202.0,,,,0.0,0.0,0.30175768571167555,0.5280759499954322,1.3579095857025398,0.0,0.4526365285675133,1202.0,0.0008319467554076539,0.0030756962528106836
181,2020-07-02,7,1,1081.0,427.0,,,1.0,0.5280759499954322,0.3771971071395944,3.696531649968025,1.8105461142700532,0.5280759499954322,0.5280759499954322,1508.0,0.004641909814323607,0.0036137324059202103
182,2020-07-03,4,2,,,,,1.0,1.0561518999908643,0.4526365285675133,2.1123037999817287,1.8105461142700532,0.5280759499954322,0.5280759499954322,0.0,inf,inf
183,2020-07-04,0,0,,,,,2.0,0.0,0.3771971071395944,0.0,1.6596672714142153,1.0561518999908643,0.6789547928512699,0.0,,
184,2020-07-05,0,0,,,,,0.0,0.0,0.30175768571167555,0.0,1.5842278499862965,0.0,0.4526365285675133,0.0,,
185,2020-07-06,0,0,555.0,512.0,,,2.0,0.0,0.22631826428375665,0.0,1.1315913214187832,1.0561518999908643,0.6035153714233511,1067.0,0.0,
186,2020-07-07,5,0,1113.0,115.0,,,1.0,0.0,0.22631826428375665,2.6403797499771606,1.282470164274621,0.5280759499954322,0.5280759499954322,1228.0,0.004071661237785016,
187,2020-07-08,4,0,1346.0,431.0,,,4.0,0.0,0.22631826428375665,2.1123037999817287,1.5087884285583775,2.1123037999817287,0.8298336357071077,1777.0,0.0022509848058525606,
188,2020-07-09,3,0,1204.0,338.0,,,1.0,0.0,0.15087884285583777,1.5842278499862965,1.207030742846702,0.5280759499954322,0.8298336357071077,1542.0,0.0019455252918287938,
189,2020-07-10,4,0,,,,,0.0,0.0,0.0,2.1123037999817287,1.207030742846702,0.0,0.7543942142791888,0.0,inf,
190,2020-07-11,0,0,,,,,0.0,0.0,0.0,0.0,1.207030742846702,0.0,0.6035153714233511,0.0,,
191,2020-07-12,0,0,,,,,0.0,0.0,0.0,0.0,1.207030742846702,0.0,0.6035153714233511,0.0,,
192,2020-07-13,0,2,1086.0,189.0,,,1.0,1.0561518999908643,0.15087884285583777,0.0,1.207030742846702,0.5280759499954322,0.5280759499954322,1275.0,0.0,
193,2020-07-14,2,0,965.0,350.0,,,0.0,0.0,0.15087884285583777,1.0561518999908643,0.9807124785629454,0.0,0.4526365285675133,1315.0,0.001520912547528517,
194,2020-07-15,9,0,963.0,402.0,,,1.0,0.0,0.15087884285583777,4.752683549958889,1.3579095857025398,0.5280759499954322,0.22631826428375665,1365.0,0.006593406593406593,
195,2020-07-16,16,0,1183.0,624.0,,,2.0,0.0,0.15087884285583777,8.449215199926915,2.3386220642654854,1.0561518999908643,0.30175768571167555,1807.0,0.008854454897620365,
196,2020-07-17,19,0,,,,,0.0,0.0,0.15087884285583777,10.033443049913211,3.4702133856842687,0.0,0.30175768571167555,0.0,inf,
197,2020-07-18,0,0,,,,,2.0,0.0,0.15087884285583777,0.0,3.4702133856842687,1.0561518999908643,0.4526365285675133,0.0,,
198,2020-07-19,0,0,,,,,1.0,0.0,0.15087884285583777,0.0,3.4702133856842687,0.5280759499954322,0.5280759499954322,0.0,,
199,2020-07-20,0,0,919.0,660.0,,,1.0,0.0,0.0,0.0,3.4702133856842687,0.5280759499954322,0.5280759499954322,1579.0,0.0,
200,2020-07-21,2,0,1043.0,786.0,,,0.0,0.0,0.0,1.0561518999908643,3.4702133856842687,0.0,0.5280759499954322,1829.0,0.0010934937124111536,
201,2020-07-22,9,0,1120.0,731.0,,,2.0,0.0,0.0,4.752683549958889,3.4702133856842687,1.0561518999908643,0.6035153714233511,1851.0,0.004862236628849271,
202,2020-07-23,8,0,1143.0,877.0,,,0.0,0.0,0.0,4.224607599963457,2.8666980142609173,0.0,0.4526365285675133,2020.0,0.0039603960396039604,
203,2020-07-24,15,0,,,,,3.0,0.0,0.0,7.921139249931482,2.564940328549242,1.5842278499862965,0.6789547928512699,0.0,inf,
204,2020-07-25,0,0,,,,,1.0,0.0,0.0,0.0,2.564940328549242,0.5280759499954322,0.6035153714233511,0.0,,
205,2020-07-26,0,0,,,,,0.0,0.0,0.0,0.0,2.564940328549242,0.0,0.5280759499954322,0.0,,
206,2020-07-27,0,0,989.0,558.0,,,2.0,0.0,0.0,0.0,2.564940328549242,1.0561518999908643,0.6035153714233511,1547.0,0.0,
207,2020-07-28,9,0,1000.0,687.0,,,1.0,0.0,0.0,4.752683549958889,3.093016278544674,0.5280759499954322,0.6789547928512699,1687.0,0.005334914048606995,
208,2020-07-29,9,0,1248.0,725.0,,,2.0,0.0,0.0,4.752683549958889,3.093016278544674,1.0561518999908643,0.6789547928512699,1973.0,0.00456158134820071,
209,2020-07-30,8,0,904.0,717.0,,,1.0,0.0,0.0,4.224607599963457,3.093016278544674,0.5280759499954322,0.7543942142791888,1621.0,0.004935225169648365,
210,2020-07-31,10,0,,,,,1.0,0.0,0.0,5.280759499954321,2.7158191714050797,0.5280759499954322,0.6035153714233511,0.0,inf,
211,2020-08-01,0,0,,,,,3.0,0.0,0.0,0.0,2.7158191714050797,1.5842278499862965,0.7543942142791888,0.0,,
212,2020-08-02,0,0,,,,,1.0,0.0,0.0,0.0,2.7158191714050797,0.5280759499954322,0.8298336357071077,0.0,,
213,2020-08-03,0,0,1007.0,1014.0,,,3.0,0.0,0.0,0.0,2.7158191714050797,1.5842278499862965,0.9052730571350266,2021.0,0.0,
214,2020-08-04,8,0,1208.0,571.0,,,1.0,0.0,0.0,4.224607599963457,2.6403797499771606,0.5280759499954322,0.9052730571350266,1779.0,0.004496908375491849,
215,2020-08-05,10,0,1397.0,2217.0,,,1.0,0.0,0.0,5.280759499954321,2.7158191714050797,0.5280759499954322,0.8298336357071077,3614.0,0.002767017155506364,
216,2020-08-06,43,0,923.0,2230.0,,,3.0,0.0,0.0,22.707265849803584,5.356198921382241,1.5842278499862965,0.9807124785629454,3153.0,0.01363780526482715,
217,2020-08-07,15,0,,,,,0.0,0.0,0.0,7.921139249931482,5.733396028521835,0.0,0.9052730571350266,0.0,inf,
218,2020-08-08,0,0,,,,,5.0,0.0,0.0,0.0,5.733396028521835,2.6403797499771606,1.0561518999908643,0.0,,
219,2020-08-09,0,0,,,,,2.0,0.0,0.0,0.0,5.733396028521835,1.0561518999908643,1.1315913214187832,0.0,,
220,2020-08-10,0,1,1035.0,2367.0,,,0.0,0.5280759499954322,0.07543942142791889,0.0,5.733396028521835,0.0,0.9052730571350266,3402.0,0.0,
221,2020-08-11,48,0,1000.0,2572.0,,,2.0,0.0,0.07543942142791889,25.347645599780744,8.75097288563859,1.0561518999908643,0.9807124785629454,3572.0,0.013437849944008958,
222,2020-08-12,29,0,337.0,1842.0,,,2.0,0.0,0.07543942142791889,15.314202549867533,10.184321892769049,1.0561518999908643,1.0561518999908643,2179.0,0.01330885727397889,
223,2020-08-13,8,0,885.0,4712.0,,,2.0,0.0,0.07543942142791889,4.224607599963457,7.543942142791888,1.0561518999908643,0.9807124785629454,5597.0,0.001429337144899053,
224,2020-08-14,74,1,2512.0,3497.0,,,2.0,0.5280759499954322,0.15087884285583777,39.07762029966198,11.994868007039102,1.0561518999908643,1.1315913214187832,6009.0,0.012314861041770677,
225,2020-08-15,65,0,1265.0,4393.0,,,2.0,0.0,0.15087884285583777,34.32493674970309,16.89843039985383,1.0561518999908643,0.9052730571350266,5658.0,0.011488158359844469,
226,2020-08-16,27,0,706.0,2634.0,,,2.0,0.0,0.15087884285583777,14.258050649876669,18.935294778407638,1.0561518999908643,0.9052730571350266,3340.0,0.008083832335329342,0.00858041372854734
227,2020-08-17,39,0,1196.0,2654.0,,,6.0,0.0,0.07543942142791889,20.594962049821852,21.877432214096476,3.168455699972593,1.3579095857025398,3850.0,0.01012987012987013,0.010027538032814502
228,2020-08-18,41,1,1079.0,2009.0,,,6.0,0.5280759499954322,0.15087884285583777,21.651113949812718,21.349356264101043,3.168455699972593,1.6596672714142153,3088.0,0.01327720207253886,0.010004588336890203
229,2020-08-19,34,0,1415.0,3762.0,,,6.0,0.0,0.15087884285583777,17.95458229984469,21.726553371240637,3.168455699972593,1.9614249571258908,5177.0,0.006567510141008306,0.009041538746465834
230,2020-08-20,51,0,1217.0,2248.0,,,6.0,0.0,0.15087884285583777,26.93187344976704,24.97044849264115,3.168455699972593,2.2631826428375663,3465.0,0.01471861471861472,0.010940006971282357
231,2020-08-21,20,0,1193.0,4688.0,,,3.0,0.0,0.07543942142791889,10.561518999908643,20.89671973553353,1.5842278499862965,2.3386220642654854,5881.0,0.0034007821799013774,0.009666567133872457
232,2020-08-22,71,0,1254.0,6392.0,,,2.0,0.0,0.07543942142791889,37.49339244967568,21.349356264101043,1.0561518999908643,2.3386220642654854,7646.0,0.009285901124771121,0.009351958957433407
233,2020-08-23,119,0,1288.0,1638.0,,,3.0,0.0,0.07543942142791889,62.84103804945642,28.28978303546958,1.5842278499862965,2.4140614856934044,2926.0,0.04066985645933014,0.014007105260862093
234,2020-08-24,10,0,910.0,2461.0,,,6.0,0.0,0.07543942142791889,5.280759499954321,26.102039814059932,3.168455699972593,2.4140614856934044,3371.0,0.0029664787896766538,0.012983763640834454
235,2020-08-25,47,0,1256.0,5154.0,,,2.0,0.0,0.0,24.81956964978531,26.554676342627445,1.0561518999908643,2.1123037999817287,6410.0,0.007332293291731669,0.012134490957861998
236,2020-08-26,72,0,1728.0,5251.0,,,0.0,0.0,0.0,38.021468399671114,29.42137435688836,0.0,1.6596672714142153,6979.0,0.010316664278549936,0.012670084406082232
237,2020-08-27,69,1,1246.0,5079.0,,,4.0,0.5280759499954322,0.07543942142791889,36.437240549684816,30.7792839425909,2.1123037999817287,1.5087884285583777,6325.0,0.01090909090909091,0.012125866719007401
238,2020-08-28,85,0,1078.0,4657.0,,,5.0,0.0,0.07543942142791889,44.886455749611734,35.68284633540563,2.6403797499771606,1.6596672714142153,5735.0,0.014821272885789015,0.013757365391277063
239,2020-08-29,89,0,1087.0,3761.0,,,2.0,0.0,0.07543942142791889,46.99875954959346,37.04075592110817,1.0561518999908643,1.6596672714142153,4848.0,0.018358085808580858,0.015053391774678454
240,2020-08-30,49,0,1048.0,3903.0,,,3.0,0.0,0.07543942142791889,25.875721549776173,31.759996421153847,1.5842278499862965,1.6596672714142153,4951.0,0.00989699050696829,0.01065726806719819
241,2020-08-31,58,0,1173.0,3177.0,,,5.0,0.0,0.07543942142791889,30.628405099735065,35.38108864969395,2.6403797499771606,1.5842278499862965,4350.0,0.013333333333333334,0.012138247287720573
242,2020-09-01,49,0,1299.0,4754.0,,,4.0,0.0,0.07543942142791889,25.875721549776173,35.53196749254979,2.1123037999817287,1.7351066928421341,6053.0,0.008095159425078473,0.012247228163912974
243,2020-09-02,71,2,1426.0,6587.0,,,0.0,1.0561518999908643,0.22631826428375665,37.49339244967568,35.45652807112187,0.0,1.7351066928421341,8013.0,0.008860601522525895,0.012039219198766682
244,2020-09-03,77,1,1577.0,4792.0,,,3.0,0.5280759499954322,0.22631826428375665,40.66184814964828,36.06004344254522,1.5842278499862965,1.6596672714142153,6369.0,0.012089810017271158,0.012207893357078146
245,2020-09-04,61,1,1577.0,4728.0,,,2.0,0.5280759499954322,0.30175768571167555,32.21263294972136,34.24949732827517,1.0561518999908643,1.4333490071304587,6305.0,0.009674861221252974,0.011472691690715854
246,2020-09-05,118,0,1201.0,3829.0,,,1.0,0.0,0.30175768571167555,62.312962099461,36.437240549684816,0.5280759499954322,1.3579095857025398,5030.0,0.02345924453280318,0.012201428651319044
247,2020-09-06,106,0,1540.0,5452.0,,,4.0,0.0,0.30175768571167555,55.97605069951581,40.737287571076195,2.1123037999817287,1.4333490071304587,6992.0,0.015160183066361556,0.012953313302660939
248,2020-09-07,141,1,1257.0,1588.0,,,1.0,0.5280759499954322,0.3771971071395944,74.45870894935594,46.998759549593466,0.5280759499954322,1.1315913214187832,2845.0,0.04956063268892794,0.018128641782031597
249,2020-09-08,40,2,1750.0,2711.0,,,10.0,1.0561518999908643,0.5280759499954322,21.123037999817285,46.319804756742194,5.280759499954321,1.5842278499862965,4461.0,0.008966599417171038,0.01825313320947339
250,2020-09-09,49,0,2214.0,6329.0,,,1.0,0.0,0.3771971071395944,25.875721549776173,44.66013748532798,0.5280759499954322,1.6596672714142153,8543.0,0.005735690038628116,0.01780671728320228
251,2020-09-10,78,1,1654.0,6488.0,,,7.0,0.5280759499954322,0.3771971071395944,41.189924099643704,44.735576906755895,3.696531649968025,1.9614249571258908,8142.0,0.009579955784819455,0.017448166678566322
252,2020-09-11,88,0,2003.0,6550.0,,,6.0,0.0,0.30175768571167555,46.470683599598026,46.772441285309704,3.168455699972593,2.2631826428375663,8553.0,0.010288787559920496,0.01753587044123311
253,2020-09-12,104,0,1634.0,4603.0,,,4.0,0.0,0.30175768571167555,54.919898799524944,45.71628938531884,2.1123037999817287,2.489500907121323,6237.0,0.016674683341350006,0.016566647413882658
254,2020-09-13,87,0,1162.0,4350.0,,,5.0,0.0,0.30175768571167555,45.9426076496026,44.28294037818838,2.6403797499771606,2.564940328549242,5512.0,0.015783744557329463,0.016655727626878072
255,2020-09-14,109,2,1731.0,2667.0,,,8.0,1.0561518999908643,0.3771971071395944,57.5602785495021,41.868878892494976,4.224607599963457,3.093016278544674,4398.0,0.024783992723965437,0.01311620763188343
256,2020-09-15,79,1,1791.0,4988.0,,,5.0,0.5280759499954322,0.30175768571167555,41.71800004963914,44.81101632818381,2.6403797499771606,2.7158191714050797,6779.0,0.01165363622953238,0.013500070033649336
257,2020-09-16,129,2,1716.0,4946.0,,,2.0,1.0561518999908643,0.4526365285675133,68.12179754941074,50.84617004241732,1.0561518999908643,2.7912585928329987,6662.0,0.0193635544881417,0.015446907812151276
258,2020-09-17,149,0,1897.0,4612.0,,,5.0,0.0,0.3771971071395944,78.68331654931939,56.202368963799564,2.6403797499771606,2.6403797499771606,6509.0,0.022891381164541404,0.017348540009254412
259,2020-09-18,163,2,1956.0,7168.0,,,2.0,1.0561518999908643,0.5280759499954322,86.07637984925545,61.86032557089348,1.0561518999908643,2.3386220642654854,9124.0,0.017864971503726436,0.01843085200122669
260,2020-09-19,222,0,1675.0,4089.0,,,3.0,0.0,0.5280759499954322,117.23286089898593,70.7621772993879,1.5842278499862965,2.2631826428375663,5764.0,0.03851492019430951,0.02155088583736376
261,2020-09-20,176,0,1554.0,4901.0,,,6.0,0.0,0.5280759499954322,92.94136719919605,77.47628580647269,3.168455699972593,2.3386220642654854,6455.0,0.02726568551510457,0.02319116311704592
262,2020-09-21,125,2,1013.0,3482.0,,,12.0,1.0561518999908643,0.5280759499954322,66.00949374942901,78.68331654931939,6.336911399945186,2.6403797499771606,4495.0,0.027808676307007785,0.023623260771766255
263,2020-09-22,75,0,2054.0,6017.0,,,8.0,0.0,0.4526365285675133,39.60569624965741,78.38155886360771,4.224607599963457,2.8666980142609173,8071.0,0.009292528806839302,0.02328595971138153
264,2020-09-23,220,0,1812.0,4464.0,,,12.0,0.0,0.30175768571167555,116.17670899899507,85.24654621354833,6.336911399945186,3.6210922285401064,6276.0,0.03505417463352454,0.02552747687500765
265,2020-09-24,189,0,1958.0,5452.0,,,8.0,0.0,0.30175768571167555,99.80635454913667,88.26412307066508,4.224607599963457,3.847410492823863,7410.0,0.025506072874493926,0.025901004262143725
266,2020-09-25,273,0,1494.0,7170.0,,,7.0,0.0,0.15087884285583777,144.16473434875297,96.56245942773616,3.696531649968025,4.224607599963457,8664.0,0.03150969529085872,0.027850250517448338
267,2020-09-26,319,1,1832.0,2894.0,,,11.0,0.5280759499954322,0.22631826428375665,168.45622804854287,103.88008330624429,5.808835449949753,4.828122971386808,4726.0,0.06749894202285231,0.03199082506438302
268,2020-09-27,187,0,1315.0,4409.0,,,10.0,0.0,0.22631826428375665,98.7502026491458,104.7099169419514,5.280759499954321,5.129880657098484,5724.0,0.032669461914744936,0.0327627931214745
269,2020-09-28,220,0,1232.0,4087.0,,,21.0,0.0,0.07543942142791889,116.17670899899507,111.87666197760369,11.089594949904075,5.808835449949754,5319.0,0.041361158112427146,0.03469886195082013
270,2020-09-29,320,0,2048.0,5895.0,,,7.0,0.0,0.07543942142791889,168.98430399853828,130.35932022744382,3.696531649968025,5.733396028521835,7943.0,0.04028704519702883,0.039126650006561486
271,2020-09-30,424,1,1763.0,4279.0,,,15.0,0.5280759499954322,0.15087884285583777,223.90420279806324,145.74896219873926,7.921139249931482,5.959714292805591,6042.0,0.07017543859649122,0.04414397342984244
272,2020-10-01,259,2,1424.0,7257.0,,,13.0,1.0561518999908643,0.30175768571167555,136.77167104881693,151.0297216986936,6.864987349940618,6.336911399945186,8681.0,0.029835272434051378,0.044762430509779225
273,2020-10-02,934,1,1601.0,6811.0,,,10.0,0.5280759499954322,0.3771971071395944,493.22293729573363,200.89517926254797,5.280759499954321,6.563229664228942,8412.0,0.11103185924869234,0.056122739646612595
274,2020-10-03,726,1,1787.0,3887.0,,,22.0,0.5280759499954322,0.3771971071395944,383.3831396966837,231.59902378371095,11.617670899899506,7.39306329993605,5674.0,0.12795206203736342,0.06475889964868561
275,2020-10-04,462,1,1598.0,5916.0,,,17.0,0.5280759499954322,0.4526365285675133,243.97108889788964,252.34486467638865,8.977291149922346,7.921139249931482,7514.0,0.06148522757519297,0.06887543760017818
276,2020-10-05,616,0,1589.0,5715.0,,,22.0,0.0,0.4526365285675133,325.29478519718623,282.2188755618445,11.617670899899506,7.9965786713594005,7304.0,0.08433734939759036,0.07501489349805865
277,2020-10-06,669,1,1999.0,7795.0,,,26.0,0.5280759499954322,0.5280759499954322,353.2828105469441,308.5472336401882,13.729974699881236,9.42992767848986,9794.0,0.06830712681233408,0.07901776230024511
278,2020-10-07,828,1,2098.0,7833.0,,,30.0,0.5280759499954322,0.5280759499954322,437.2468865962178,339.02475989706744,15.842278499862964,10.561518999908643,9931.0,0.08337528949753298,0.08090345528610822
279,2020-10-08,923,1,1962.0,8673.0,,,27.0,0.5280759499954322,0.4526365285675133,487.4141018457839,389.11653572520555,14.258050649876669,11.617670899899506,10635.0,0.08678890456041373,0.08903968844701712
280,2020-10-09,1080,0,1840.0,8351.0,,,23.0,0.0,0.3771971071395944,570.3220259950667,400.13069125368173,12.14574684989494,12.598383378462453,10191.0,0.10597586105387106,0.08831740299061408
281,2020-10-10,902,0,1793.0,8568.0,,,28.0,0.0,0.30175768571167555,476.3245068958798,413.40802942499545,14.7861265998721,13.051019907029966,10361.0,0.08705723385773574,0.0824752846792387
282,2020-10-11,1066,1,1953.0,5171.0,,,33.0,0.5280759499954322,0.30175768571167555,562.9289626951306,458.97343996745843,17.426506349849262,14.258050649876669,7124.0,0.14963503649635038,0.09506811452511833
283,2020-10-12,877,3,1529.0,4985.0,,,28.0,1.5842278499862965,0.5280759499954322,463.122608145994,478.6631289601453,14.7861265998721,14.710687178444182,6514.0,0.13463309794289224,0.10225322146016146
284,2020-10-13,863,7,2095.0,8525.0,,,46.0,3.696531649968025,0.9807124785629454,455.72954484605793,493.29837671716155,24.29149369978988,16.219475607002558,10620.0,0.08126177024482109,0.1041038848076596
285,2020-10-14,1217,4,2010.0,6257.0,,,35.0,2.1123037999817287,1.207030742846702,642.6684311444409,522.6443116526219,18.482658249840124,16.59667271414215,8267.0,0.1472118059755655,0.11322338716166425
286,2020-10-15,763,4,1975.0,9019.0,,,43.0,2.1123037999817287,1.4333490071304587,402.92194984651474,510.574004224155,22.707265849803584,17.803703456988856,10994.0,0.06940149172275786,0.11073947104199912
287,2020-10-16,1299,2,1868.0,5903.0,,,46.0,1.0561518999908643,1.5842278499862965,685.9706590440663,527.0952375168691,24.29149369978988,19.53881014983099,7771.0,0.16715995367391584,0.11948005570200552
288,2020-10-17,1031,2,1988.0,8644.0,,,42.0,1.0561518999908643,1.7351066928421341,544.4463044452906,536.8269228810707,22.17918989980815,20.594962049821852,10632.0,0.09697140707298721,0.12089636616132717
289,2020-10-18,1012,5,1514.0,4608.0,,,40.0,2.6403797499771606,2.0368643785538096,534.4128613953774,532.7531941239631,21.123037999817285,21.123037999817285,6122.0,0.16530545573342045,0.1231349974809086
290,2020-10-19,820,6,1845.0,4835.0,,,41.0,3.168455699972593,2.2631826428375663,433.0222789962544,528.4531471025717,21.651113949812718,22.10375047838023,6680.0,0.12275449101796407,0.12143805363449028
291,2020-10-20,913,3,2156.0,6864.0,,,51.0,1.5842278499862965,1.9614249571258908,482.13334234582953,532.2251181739676,26.93187344976704,22.480947585519825,9020.0,0.10121951219512196,0.12428915962739041
292,2020-10-21,1039,5,2261.0,7060.0,,,36.0,2.6403797499771606,2.0368643785538096,548.670912045254,518.7969011597982,19.010734199835557,22.556387006947745,9321.0,0.11146872653148804,0.11918300542109363
293,2020-10-22,1042,5,1824.0,7835.0,,,43.0,2.6403797499771606,2.1123037999817287,550.2551398952403,539.8444997381876,22.707265849803584,22.556387006947745,9659.0,0.1078786623874107,0.12467974408747261
294,2020-10-23,1252,5,2004.0,5729.0,,,43.0,2.6403797499771606,2.3386220642654854,661.151089394281,536.2988469310753,22.707265849803584,22.33006874266399,7733.0,0.16190353032458296,0.12392882646613934
295,2020-10-24,923,6,1978.0,5476.0,,,48.0,3.168455699972593,2.6403797499771606,487.4141018457839,528.1513894168601,25.347645599780744,22.782705271231503,7454.0,0.12382613361953314,0.12776521597278875
296,2020-10-25,896,8,1689.0,3204.0,,,43.0,4.224607599963457,2.8666980142609173,473.1560511959072,519.4004165312215,22.707265849803584,23.009023535515258,4893.0,0.18311874105865522,0.13030997101925088
297,2020-10-26,727,5,3649.0,3816.0,,,34.0,2.6403797499771606,2.7912585928329987,383.9112156466792,512.384550338425,17.95458229984469,22.480947585519825,7465.0,0.09738780977896852,0.12668615941368008
298,2020-10-27,722,13,2291.0,5027.0,,,41.0,6.864987349940618,3.5456528071121873,381.270835896702,497.9756208456925,21.651113949812718,21.726553371240637,7318.0,0.09866083629406942,0.1263206342849583
299,2020-10-28,840,9,2728.0,5540.0,,,27.0,4.752683549958889,3.8474104928238626,443.583797996163,482.96317598153666,14.258050649876669,21.04759857838937,8268.0,0.10159651669085631,0.12491031859343947
300,2020-10-29,822,8,2100.0,4918.0,,,8.0,4.224607599963457,4.073728757107619,434.0784308962452,466.3665032673945,4.224607599963457,18.407218828412205,7018.0,0.11712738671986321,0.12623156492664697
301,2020-10-30,566,9,,,,,,4.752683549958889,4.3754864428192946,298.8909876974146,414.61506016784216,,15.163323707011696,0.0,inf,inf
302,2020-10-31,649,11,,,,,,5.808835449949753,4.752683549958889,342.72129154703543,393.9446586965924,,11.542231478471589,0.0,inf,inf
303,2020-11-01,685,8,,,,,,4.224607599963457,4.752683549958889,361.73202574687105,378.0269407753015,,8.298336357071076,0.0,inf,inf
