,date,newCasesEngland,newDeathsEngland,newTestsOneEngland,newTestsTwoEngland,newTestsThreeEngland,newTestsFourEngland,newCasesScotland,newDeathsScotland,newTestsOneScotland,newTestsTwoScotland,newTestsThreeScotland,newTestsFourScotland,newCasesWales,newDeathsWales,newTestsOneWales,newTestsTwoWales,newTestsThreeWales,newTestsFourWales,newCasesNorthernIreland,newDeathsNorthernIreland,newTestsOneNorthernIreland,newTestsTwoNorthernIreland,newTestsThreeNorthernIreland,newTestsFourNorthernIreland,newCasesPerMillionEngland,newDeathsPerMillionEngland,newCasesPerMillion7DayEngland,newDeathsPerMillion7DayEngland,positivity7DayEngland,newCasesPerMillionScotland,newDeathsPerMillionScotland,newCasesPerMillion7DayScotland,newDeathsPerMillion7DayScotland,positivity7DayScotland,newCasesPerMillionWales,newDeathsPerMillionWales,newCasesPerMillion7DayWales,newDeathsPerMillion7DayWales,positivity7DayWales,newCasesPerMillionNorthernIreland,newDeathsPerMillionNorthernIreland,newCasesPerMillion7DayNorthernIreland,newDeathsPerMillion7DayNorthernIreland,positivity7DayNorthernIreland
0,2020-01-03,0,0,,,,,0,0,,,,,0,0,,,,,0,0,,,,,0.0,0.0,,,,0.0,0.0,,,,0.0,0.0,,,,0.0,0.0,,,
1,2020-01-04,0,0,,,,,0,0,,,,,0,0,,,,,0,0,,,,,0.0,0.0,,,,0.0,0.0,,,,0.0,0.0,,,,0.0,0.0,,,
2,2020-01-05,0,0,,,,,0,0,,,,,0,0,,,,,0,0,,,,,0.0,0.0,,,,0.0,0.0,,,,0.0,0.0,,,,0.0,0.0,,,
3,2020-01-06,0,0,,,,,0,0,,,,,0,0,,,,,0,0,,,,,0.0,0.0,,,,0.0,0.0,,,,0.0,0.0,,,,0.0,0.0,,,
4,2020-01-07,0,0,,,,,0,0,,,,,0,0,,,,,0,0,,,,,0.0,0.0,,,,0.0,0.0,,,,0.0,0.0,,,,0.0,0.0,,,
5,2020-01-08,0,0,,,,,0,0,,,,,0,0,,,,,0,0,,,,,0.0,0.0,,,,0.0,0.0,,,,0.0,0.0,,,,0.0,0.0,,,
6,2020-01-09,0,0,,,,,0,0,,,,,0,0,,,,,0,0,,,,,0.0,0.0,0.0,0.0,,0.0,0.0,0.0,0.0,,0.0,0.0,0.0,0.0,,0.0,0.0,0.0,0.0,
7,2020-01-10,0,0,,,,,0,0,,,,,0,0,,,,,0,0,,,,,0.0,0.0,0.0,0.0,,0.0,0.0,0.0,0.0,,0.0,0.0,0.0,0.0,,0.0,0.0,0.0,0.0,
8,2020-01-11,0,0,,,,,0,0,,,,,0,0,,,,,0,0,,,,,0.0,0.0,0.0,0.0,,0.0,0.0,0.0,0.0,,0.0,0.0,0.0,0.0,,0.0,0.0,0.0,0.0,
9,2020-01-12,0,0,,,,,0,0,,,,,0,0,,,,,0,0,,,,,0.0,0.0,0.0,0.0,,0.0,0.0,0.0,0.0,,0.0,0.0,0.0,0.0,,0.0,0.0,0.0,0.0,
10,2020-01-13,0,0,,,,,0,0,,,,,0,0,,,,,0,0,,,,,0.0,0.0,0.0,0.0,,0.0,0.0,0.0,0.0,,0.0,0.0,0.0,0.0,,0.0,0.0,0.0,0.0,
11,2020-01-14,0,0,,,,,0,0,,,,,0,0,,,,,0,0,,,,,0.0,0.0,0.0,0.0,,0.0,0.0,0.0,0.0,,0.0,0.0,0.0,0.0,,0.0,0.0,0.0,0.0,
12,2020-01-15,0,0,,,,,0,0,,,,,0,0,,,,,0,0,,,,,0.0,0.0,0.0,0.0,,0.0,0.0,0.0,0.0,,0.0,0.0,0.0,0.0,,0.0,0.0,0.0,0.0,
13,2020-01-16,0,0,,,,,0,0,,,,,0,0,,,,,0,0,,,,,0.0,0.0,0.0,0.0,,0.0,0.0,0.0,0.0,,0.0,0.0,0.0,0.0,,0.0,0.0,0.0,0.0,
14,2020-01-17,0,0,,,,,0,0,,,,,0,0,,,,,0,0,,,,,0.0,0.0,0.0,0.0,,0.0,0.0,0.0,0.0,,0.0,0.0,0.0,0.0,,0.0,0.0,0.0,0.0,
15,2020-01-18,0,0,,,,,0,0,,,,,0,0,,,,,0,0,,,,,0.0,0.0,0.0,0.0,,0.0,0.0,0.0,0.0,,0.0,0.0,0.0,0.0,,0.0,0.0,0.0,0.0,
16,2020-01-19,0,0,,,,,0,0,,,,,0,0,,,,,0,0,,,,,0.0,0.0,0.0,0.0,,0.0,0.0,0.0,0.0,,0.0,0.0,0.0,0.0,,0.0,0.0,0.0,0.0,
17,2020-01-20,0,0,,,,,0,0,,,,,0,0,,,,,0,0,,,,,0.0,0.0,0.0,0.0,,0.0,0.0,0.0,0.0,,0.0,0.0,0.0,0.0,,0.0,0.0,0.0,0.0,
18,2020-01-21,0,0,,,,,0,0,,,,,0,0,,,,,0,0,,,,,0.0,0.0,0.0,0.0,,0.0,0.0,0.0,0.0,,0.0,0.0,0.0,0.0,,0.0,0.0,0.0,0.0,
19,2020-01-22,0,0,,,,,0,0,,,,,0,0,,,,,0,0,,,,,0.0,0.0,0.0,0.0,,0.0,0.0,0.0,0.0,,0.0,0.0,0.0,0.0,,0.0,0.0,0.0,0.0,
20,2020-01-23,0,0,,,,,0,0,,,,,0,0,,,,,0,0,,,,,0.0,0.0,0.0,0.0,,0.0,0.0,0.0,0.0,,0.0,0.0,0.0,0.0,,0.0,0.0,0.0,0.0,
21,2020-01-24,0,0,,,,,0,0,,,,,0,0,,,,,0,0,,,,,0.0,0.0,0.0,0.0,,0.0,0.0,0.0,0.0,,0.0,0.0,0.0,0.0,,0.0,0.0,0.0,0.0,
22,2020-01-25,0,0,,,,,0,0,,,,,0,0,,,,,0,0,,,,,0.0,0.0,0.0,0.0,,0.0,0.0,0.0,0.0,,0.0,0.0,0.0,0.0,,0.0,0.0,0.0,0.0,
23,2020-01-26,0,0,,,,,0,0,,,,,0,0,,,,,0,0,,,,,0.0,0.0,0.0,0.0,,0.0,0.0,0.0,0.0,,0.0,0.0,0.0,0.0,,0.0,0.0,0.0,0.0,
24,2020-01-27,0,0,,,,,0,0,,,,,0,0,,,,,0,0,,,,,0.0,0.0,0.0,0.0,,0.0,0.0,0.0,0.0,,0.0,0.0,0.0,0.0,,0.0,0.0,0.0,0.0,
25,2020-01-28,0,0,,,,,0,0,,,,,0,0,,,,,0,0,,,,,0.0,0.0,0.0,0.0,,0.0,0.0,0.0,0.0,,0.0,0.0,0.0,0.0,,0.0,0.0,0.0,0.0,
26,2020-01-29,0,0,,,,,0,0,,,,,0,0,,,,,0,0,,,,,0.0,0.0,0.0,0.0,,0.0,0.0,0.0,0.0,,0.0,0.0,0.0,0.0,,0.0,0.0,0.0,0.0,
27,2020-01-30,0,0,,,,,0,0,,,,,0,0,,,,,0,0,,,,,0.0,0.0,0.0,0.0,,0.0,0.0,0.0,0.0,,0.0,0.0,0.0,0.0,,0.0,0.0,0.0,0.0,
28,2020-01-31,2,0,,,,,0,0,,,,,0,0,,,,,0,0,,,,,0.035532207894471333,0.0,0.005076029699210191,0.0,,0.0,0.0,0.0,0.0,,0.0,0.0,0.0,0.0,,0.0,0.0,0.0,0.0,
29,2020-02-01,0,0,,,,,0,0,,,,,0,0,,,,,0,0,,,,,0.0,0.0,0.005076029699210191,0.0,,0.0,0.0,0.0,0.0,,0.0,0.0,0.0,0.0,,0.0,0.0,0.0,0.0,
30,2020-02-02,0,0,,,,,0,0,,,,,0,0,,,,,0,0,,,,,0.0,0.0,0.005076029699210191,0.0,,0.0,0.0,0.0,0.0,,0.0,0.0,0.0,0.0,,0.0,0.0,0.0,0.0,
31,2020-02-03,0,0,,,,,0,0,,,,,0,0,,,,,0,0,,,,,0.0,0.0,0.005076029699210191,0.0,,0.0,0.0,0.0,0.0,,0.0,0.0,0.0,0.0,,0.0,0.0,0.0,0.0,
32,2020-02-04,0,0,,,,,0,0,,,,,0,0,,,,,0,0,,,,,0.0,0.0,0.005076029699210191,0.0,,0.0,0.0,0.0,0.0,,0.0,0.0,0.0,0.0,,0.0,0.0,0.0,0.0,
33,2020-02-05,0,0,,,,,0,0,,,,,0,0,,,,,0,0,,,,,0.0,0.0,0.005076029699210191,0.0,,0.0,0.0,0.0,0.0,,0.0,0.0,0.0,0.0,,0.0,0.0,0.0,0.0,
34,2020-02-06,1,0,,,,,0,0,,,,,0,0,,,,,0,0,,,,,0.017766103947235667,0.0,0.007614044548815286,0.0,,0.0,0.0,0.0,0.0,,0.0,0.0,0.0,0.0,,0.0,0.0,0.0,0.0,
35,2020-02-07,0,0,,,,,0,0,,,,,0,0,,,,,0,0,,,,,0.0,0.0,0.0025380148496050954,0.0,,0.0,0.0,0.0,0.0,,0.0,0.0,0.0,0.0,,0.0,0.0,0.0,0.0,
36,2020-02-08,0,0,,,,,0,0,,,,,0,0,,,,,0,0,,,,,0.0,0.0,0.0025380148496050954,0.0,,0.0,0.0,0.0,0.0,,0.0,0.0,0.0,0.0,,0.0,0.0,0.0,0.0,
37,2020-02-09,1,0,,,,,0,0,,,,,0,0,,,,,0,0,,,,,0.017766103947235667,0.0,0.005076029699210191,0.0,,0.0,0.0,0.0,0.0,,0.0,0.0,0.0,0.0,,0.0,0.0,0.0,0.0,
38,2020-02-10,4,0,,,,,0,0,,,,,0,0,,,,,0,0,,,,,0.07106441578894267,0.0,0.015228089097630572,0.0,,0.0,0.0,0.0,0.0,,0.0,0.0,0.0,0.0,,0.0,0.0,0.0,0.0,
39,2020-02-11,0,0,,,,,0,0,,,,,0,0,,,,,0,0,,,,,0.0,0.0,0.015228089097630572,0.0,,0.0,0.0,0.0,0.0,,0.0,0.0,0.0,0.0,,0.0,0.0,0.0,0.0,
40,2020-02-12,0,0,,,,,0,0,,,,,0,0,,,,,0,0,,,,,0.0,0.0,0.015228089097630572,0.0,,0.0,0.0,0.0,0.0,,0.0,0.0,0.0,0.0,,0.0,0.0,0.0,0.0,
41,2020-02-13,1,0,,,,,0,0,,,,,0,0,,,,,0,0,,,,,0.017766103947235667,0.0,0.015228089097630572,0.0,,0.0,0.0,0.0,0.0,,0.0,0.0,0.0,0.0,,0.0,0.0,0.0,0.0,
42,2020-02-14,0,0,,,,,0,0,,,,,0,0,,,,,0,0,,,,,0.0,0.0,0.015228089097630572,0.0,,0.0,0.0,0.0,0.0,,0.0,0.0,0.0,0.0,,0.0,0.0,0.0,0.0,
43,2020-02-15,0,0,,,,,0,0,,,,,0,0,,,,,0,0,,,,,0.0,0.0,0.015228089097630572,0.0,,0.0,0.0,0.0,0.0,,0.0,0.0,0.0,0.0,,0.0,0.0,0.0,0.0,
44,2020-02-16,0,0,,,,,0,0,,,,,0,0,,,,,0,0,,,,,0.0,0.0,0.012690074248025476,0.0,,0.0,0.0,0.0,0.0,,0.0,0.0,0.0,0.0,,0.0,0.0,0.0,0.0,
45,2020-02-17,0,0,,,,,0,0,,,,,0,0,,,,,0,0,,,,,0.0,0.0,0.0025380148496050954,0.0,,0.0,0.0,0.0,0.0,,0.0,0.0,0.0,0.0,,0.0,0.0,0.0,0.0,
46,2020-02-18,0,0,,,,,0,0,,,,,0,0,,,,,0,0,,,,,0.0,0.0,0.0025380148496050954,0.0,,0.0,0.0,0.0,0.0,,0.0,0.0,0.0,0.0,,0.0,0.0,0.0,0.0,
47,2020-02-19,0,0,,,,,0,0,,,,,0,0,,,,,0,0,,,,,0.0,0.0,0.0025380148496050954,0.0,,0.0,0.0,0.0,0.0,,0.0,0.0,0.0,0.0,,0.0,0.0,0.0,0.0,
48,2020-02-20,0,0,,,,,0,0,,,,,0,0,,,,,0,0,,,,,0.0,0.0,0.0,0.0,,0.0,0.0,0.0,0.0,,0.0,0.0,0.0,0.0,,0.0,0.0,0.0,0.0,
49,2020-02-21,0,0,,,,,0,0,,,,,0,0,,,,,0,0,,,,,0.0,0.0,0.0,0.0,,0.0,0.0,0.0,0.0,,0.0,0.0,0.0,0.0,,0.0,0.0,0.0,0.0,
50,2020-02-22,0,0,,,,,0,0,,,,,0,0,,,,,0,0,,,,,0.0,0.0,0.0,0.0,,0.0,0.0,0.0,0.0,,0.0,0.0,0.0,0.0,,0.0,0.0,0.0,0.0,
51,2020-02-23,0,0,,,,,0,0,,,,,0,0,,,,,0,0,,,,,0.0,0.0,0.0,0.0,,0.0,0.0,0.0,0.0,,0.0,0.0,0.0,0.0,,0.0,0.0,0.0,0.0,
52,2020-02-24,4,0,,,,,0,0,,,,,0,0,,,,,0,0,,,,,0.07106441578894267,0.0,0.010152059398420381,0.0,,0.0,0.0,0.0,0.0,,0.0,0.0,0.0,0.0,,0.0,0.0,0.0,0.0,
53,2020-02-25,0,0,,,,,0,0,,,,,0,0,,,,,0,0,,,,,0.0,0.0,0.010152059398420381,0.0,,0.0,0.0,0.0,0.0,,0.0,0.0,0.0,0.0,,0.0,0.0,0.0,0.0,
54,2020-02-26,0,0,,,,,0,0,,,,,0,0,,,,,0,0,,,,,0.0,0.0,0.010152059398420381,0.0,,0.0,0.0,0.0,0.0,,0.0,0.0,0.0,0.0,,0.0,0.0,0.0,0.0,
55,2020-02-27,0,0,,,,,0,0,,,,,0,0,,,,,0,0,,,,,0.0,0.0,0.010152059398420381,0.0,,0.0,0.0,0.0,0.0,,0.0,0.0,0.0,0.0,,0.0,0.0,0.0,0.0,
56,2020-02-28,5,0,,,,,0,0,,,,,1,0,,,,,0,0,,,,,0.08883051973617834,0.0,0.02284213364644586,0.0,,0.0,0.0,0.0,0.0,,0.3171704337527701,0.0,0.045310061964681445,0.0,,0.0,0.0,0.0,0.0,
57,2020-02-29,3,0,,,,,0,0,,,,,0,0,,,,,0,0,,,,,0.053298311841707004,0.0,0.030456178195261144,0.0,,0.0,0.0,0.0,0.0,,0.0,0.0,0.045310061964681445,0.0,,0.0,0.0,0.0,0.0,
58,2020-03-01,12,0,,,,,0,0,,,,,0,0,,,,,0,0,,,,,0.21319324736682801,0.0,0.06091235639052229,0.0,,0.0,0.0,0.0,0.0,,0.0,0.0,0.045310061964681445,0.0,,0.0,0.0,0.0,0.0,
59,2020-03-02,4,0,,,,,1,0,,,,,0,0,,,,,0,0,,,,,0.07106441578894267,0.0,0.06091235639052229,0.0,,0.1830395548478026,0.0,0.026148507835400372,0.0,,0.0,0.0,0.045310061964681445,0.0,,0.0,0.0,0.0,0.0,
60,2020-03-03,11,0,,,,,0,0,,,,,0,0,,,,,0,0,,,,,0.19542714341959233,0.0,0.08883051973617834,0.0,,0.0,0.0,0.026148507835400372,0.0,,0.0,0.0,0.045310061964681445,0.0,,0.0,0.0,0.0,0.0,
61,2020-03-04,32,0,,,,,2,0,,,,,0,0,,,,,0,0,,,,,0.5685153263115413,0.0,0.1700469949235414,0.0,,0.3660791096956052,0.0,0.07844552350620111,0.0,,0.0,0.0,0.045310061964681445,0.0,,0.0,0.0,0.0,0.0,
62,2020-03-05,25,0,,,,,3,0,,,,,1,0,,,,,0,0,,,,,0.4441525986808917,0.0,0.23349736616366876,0.0,,0.5491186645434079,0.0,0.15689104701240222,0.0,,0.3171704337527701,0.0,0.09062012392936289,0.0,,0.0,0.0,0.0,0.0,
63,2020-03-06,39,1,,,,,5,0,,,,,0,0,,,,,2,0,,,,,0.692878053942191,0.017766103947235667,0.31978987105024204,0.0025380148496050954,,0.915197774239013,0.0,0.2876335861894041,0.0,,0.0,0.0,0.045310061964681445,0.0,,1.0561518999908643,0.0,0.15087884285583777,0.0,
64,2020-03-07,39,1,,,,,5,0,,,,,0,0,,,,,2,0,,,,,0.692878053942191,0.017766103947235667,0.41115840563602546,0.005076029699210191,,0.915197774239013,0.0,0.41837612536640595,0.0,,0.0,0.0,0.045310061964681445,0.0,,1.0561518999908643,0.0,0.30175768571167555,0.0,
65,2020-03-08,58,0,,,,,2,0,,,,,0,0,,,,,5,0,,,,,1.0304340289396687,0.0,0.5279070887178599,0.005076029699210191,,0.3660791096956052,0.0,0.4706731410372067,0.0,,0.0,0.0,0.045310061964681445,0.0,,2.6403797499771606,0.0,0.6789547928512699,0.0,
66,2020-03-09,40,1,,,,,5,0,,,,,2,0,,,,,3,0,,,,,0.7106441578894267,0.017766103947235667,0.6192756233036433,0.007614044548815286,,0.915197774239013,0.0,0.5752671723788082,0.0,,0.6343408675055402,0.0,0.13593018589404432,0.0,,1.5842278499862965,0.0,0.9052730571350266,0.0,
67,2020-03-10,46,4,,,,,4,0,,,,,2,0,,,,,0,0,,,,,0.8172407815728406,0.07106441578894267,0.7081061430398216,0.017766103947235667,,0.7321582193912104,0.0,0.6798612037204097,0.0,,0.6343408675055402,0.0,0.2265503098234072,0.0,,0.0,0.0,0.9052730571350266,0.0,
68,2020-03-11,63,0,,,,,9,0,,,,,9,0,,,,,2,0,,,,,1.119264548675847,0.0,0.7867846033775796,0.017766103947235667,,1.6473559936302233,0.0,0.8629007585682122,0.0,,2.854533903774931,0.0,0.6343408675055402,0.0,,1.0561518999908643,0.0,1.0561518999908643,0.0,
69,2020-03-12,99,2,,,,,24,0,,,,,10,0,,,,,1,0,,,,,1.758844290776331,0.035532207894471333,0.9745977022483566,0.022842133646445856,,4.392949316347263,0.0,1.41201942311162,0.0,,3.171704337527701,0.0,1.0421314251876732,0.0,,0.5280759499954322,0.0,1.1315913214187832,0.0,
70,2020-03-13,159,1,,,,,25,0,,,,,13,0,,,,,10,0,,,,,2.824810527610471,0.017766103947235667,1.2791594842009681,0.022842133646445856,,4.575988871195065,0.0,1.9349895798196275,0.0,,4.123215638786011,0.0,1.6311622307285318,0.0,,5.280759499954321,0.0,1.7351066928421341,0.0,
71,2020-03-14,201,18,,,,,36,0,,,,,22,0,,,,,5,0,,,,,3.570986893394369,0.319789871050242,1.6903178898369935,0.06598838608973247,,6.589423974520893,0.0,2.7455933227170393,0.0,,6.977749542560942,0.0,2.6279835939515235,0.0,,2.6403797499771606,0.0,1.9614249571258908,0.0,
72,2020-03-15,253,14,,,,,32,0,,,,,34,0,,,,,11,0,,,,,4.494824298650624,0.24872545526129933,2.185230785509987,0.10152059398420381,,5.857265755129683,0.0,3.5300485577790504,0.0,,10.783794747594182,0.0,4.168525700750693,0.0,,5.808835449949753,0.0,2.414061485693404,0.0,
73,2020-03-16,97,22,,,,,18,0,,,,,30,0,,,,,7,0,,,,,1.7233120828818598,0.39085428683918466,2.3298976319374773,0.15481890582591082,,3.2947119872604467,0.0,3.869979159639255,0.0,,9.515113012583102,0.0,5.437207435761772,0.0,,3.696531649968025,0.0,2.7158191714050797,0.0,
74,2020-03-17,361,15,,,,,24,1,,,,,12,0,,,,,10,0,,,,,6.4135635249520755,0.266491559208535,3.1293723095630823,0.18273706917156685,,4.392949316347263,0.1830395548478026,4.392949316347263,0.026148507835400372,,3.806045205033241,0.0,5.890308055408587,0.0,,5.280759499954321,0.0,3.4702133856842683,0.0,
75,2020-03-18,625,33,,,,,32,1,,,,,13,0,,,,,6,0,,,,,11.103814967022291,0.586281430258777,4.555736655041146,0.266491559208535,,5.857265755129683,0.1830395548478026,4.994364996561471,0.052297015670800744,,4.123215638786011,0.0,6.0715483032673125,0.0,,3.168455699972593,0.0,3.771971071395944,0.0,
76,2020-03-19,574,42,,,,,39,3,,,,,21,0,,,,,9,0,,,,,10.197743665713272,0.746176365783898,5.761293708603566,0.36801215319273883,,7.138542639064301,0.5491186645434079,5.386592614092477,0.13074253917700188,,6.660579108808172,0.0,6.5699589848788085,0.0,,4.752683549958889,0.0,4.3754864428192946,0.0,
77,2020-03-20,628,32,,,,,56,0,,,,,21,0,,,,,9,0,,,,,11.157113278864,0.5685153263115413,6.951622673068356,0.44669061353049677,,10.250215071476946,0.0,6.197196356989888,0.13074253917700188,,6.660579108808172,0.0,6.93243948059626,0.0,,4.752683549958889,0.0,4.300047021391376,0.0,
78,2020-03-21,873,54,,,,,51,1,,,,,89,2,,,,,22,1,,,,,15.509808745936738,0.959369613150726,8.65716865200298,0.5380591481162802,,9.335017297237933,0.1830395548478026,6.589423974520893,0.15689104701240222,,28.228168603996536,0.6343408675055402,9.968213632229917,0.09062012392936289,,11.617670899899506,0.5280759499954322,5.5825171856659965,0.07543942142791889,
79,2020-03-22,535,24,,,,,43,3,,,,,67,9,,,,,20,0,,,,,9.504865611771082,0.42638649473365603,9.372888839591617,0.5634392966123312,,7.870700858455512,0.5491186645434079,6.8770575607102975,0.23533657051860335,,21.250419061435597,2.854533903774931,11.463445677064405,0.4984106816114959,,10.561518999908643,0.0,6.261471978517267,0.07543942142791889,
80,2020-03-23,793,67,,,,,83,4,,,,,71,4,,,,,20,1,,,,,14.088520430157883,1.1903289644647896,11.139347174916763,0.6776499648445604,,15.192283052367616,0.7321582193912104,8.576710570011322,0.33993060186020485,,22.519100796446676,1.2686817350110804,13.321158217616343,0.6796509294702217,,10.561518999908643,0.5280759499954322,7.242184457080212,0.15087884285583777,
81,2020-03-24,1258,143,,,,,85,2,,,,,60,1,,,,,24,2,,,,,22.349758765622468,2.5405528644547,13.415946495012534,1.0025158655940125,,15.55836216206322,0.3660791096956052,10.171769547970744,0.3660791096956052,,19.030226025166204,0.3171704337527701,15.496041191921053,0.7249609914349031,,12.673822799890372,1.0561518999908643,8.298336357071076,0.30175768571167555,
82,2020-03-25,1130,178,,,,,135,6,,,,,150,5,,,,,37,2,,,,,20.075697460376304,3.1623665026079486,14.697643994063107,1.3705280187867515,,24.710339904453352,1.0982373290868157,12.865065855016983,0.4968216488726071,,47.575565062915516,1.5858521687638505,21.703519681082412,0.9515113012583103,,19.53881014983099,1.0561518999908643,10.636958421336562,0.4526365285675133,
83,2020-03-26,1809,169,,,,,175,3,,,,,113,6,,,,,32,3,,,,,32.13888204054932,3.0024715670828277,17.8320923333254,1.6928559046865985,,32.031922098365456,0.5491186645434079,16.421262920631435,0.4968216488726071,,35.84025901406302,1.9030226025166206,25.872045381833104,1.223371673046399,,16.89843039985383,1.5842278499862965,12.372065114178696,0.6789547928512699,
84,2020-03-27,2506,271,,,,,165,8,,,,,180,6,,,,,34,3,,,,,44.52185649177258,4.8146141697008655,22.59848422088377,2.299441453742216,,30.20152654988743,1.4643164387824208,19.271450274690075,0.70600971155581,,57.090678075498616,1.9030226025166206,33.076345234217456,1.4952320448344876,,17.95458229984469,1.5842278499862965,14.258050649876667,0.9052730571350266,
85,2020-03-28,2139,279,,,,,186,7,,,,,172,4,,,,,49,2,,,,,38.00169634313709,4.956743001278751,25.81161102048382,2.8704947949033626,,34.04535720169128,1.2812768839346182,22.801498832469125,0.8629007585682122,,54.55331460547646,1.2686817350110804,36.837080377286014,1.5858521687638505,,25.875721549776173,1.0561518999908643,16.294915028430477,0.9807124785629454,
86,2020-03-29,2060,195,,,,,139,1,,,,,148,10,,,,,86,6,,,,,36.59817413130548,3.464390269710955,29.68208366613159,3.304495334185834,,25.44249812384456,0.1830395548478026,25.31175558466756,0.8106037428974115,,46.94122419540997,3.171704337527701,40.50719539642521,1.6311622307285318,,45.41453169960717,3.168455699972593,21.273916842673124,1.4333490071304587,
87,2020-03-30,2107,353,,,,,179,6,,,,,210,14,,,,,123,1,,,,,37.43318101682555,6.27143469337419,33.017035178512685,4.030367581172891,,32.764080317756665,1.0982373290868157,27.822012336865996,0.8629007585682122,,66.60579108808172,4.440386072538781,46.80529400951593,2.0842628503753464,,64.95334184943816,0.5280759499954322,29.04417724974877,1.4333490071304587,
88,2020-03-31,2414,368,,,,,430,22,,,,,112,7,,,,,53,6,,,,,42.8873749286269,6.537926252582725,35.95098034465617,4.601420922334038,,78.70700858455511,4.026870206651657,36.84324754007912,1.3858709152762196,,35.52308858031025,2.2201930362693907,49.161417231679366,2.356123222163435,,27.988025349757905,3.168455699972593,31.231920471158418,1.7351066928421344,
89,2020-04-01,3630,613,10412.0,,,,317,28,1710.0,,,,274,29,855.0,,,,103,2,,,,,64.49095732846547,10.890621719655464,42.296017468668914,5.705457381912254,,58.02353888675342,5.125107535738473,41.60227596612199,1.961138087655028,,86.904698848259,9.197942578830332,54.77986491529986,3.4435647093157895,,54.39182284952951,1.0561518999908643,36.21092228540106,1.7351066928421344,
90,2020-04-02,3583,603,10314.0,,,,292,29,1118.0,,,,284,19,942.0,,,,85,6,,,,,63.6559504429454,10.712960680183107,46.79845581186835,6.806955826640865,,53.447550015558356,5.308147090586275,44.66165138286383,2.6409992913754374,,90.0764031857867,6.026238241302631,62.527885511260386,4.032595514856649,,44.886455749611734,3.168455699972593,40.20921162108076,1.9614249571258908,
91,2020-04-03,3576,654,11764.0,,,,399,46,1526.0,,,,345,24,1090.0,,,,130,12,,,,,63.53158771531474,11.619031981492126,49.5141317009458,7.779015514039617,,73.03278238427323,8.41981952299892,50.78040221634752,3.6346425891206517,,109.42379964470568,7.612090410066482,70.00404573543283,4.848176630220914,,68.64987349940618,6.336911399945186,47.451396078160975,2.6403797499771606,
92,2020-04-04,2910,689,10984.0,,,,344,46,1522.0,,,,387,13,1110.0,,,,94,8,,,,,51.69936248645579,12.240845619645375,51.47094114999133,8.819601602377706,,62.9656068676441,8.41981952299892,54.91186645434078,4.654434394701266,,122.74495786232202,4.123215638786011,79.74570905783933,5.255967187903047,,49.63913929957062,4.224607599963457,50.84617004241733,3.093016278544674,
93,2020-04-05,5107,578,11085.0,,,,361,2,3018.0,,,,344,12,1000.0,,,,91,7,,,,,90.73149285853255,10.268808081502215,59.204272396738055,9.791661289776457,,66.07727930005674,0.3660791096956052,60.71683519379966,4.680582902536666,,109.10662921095292,3.806045205033241,88.62648120291689,5.34658731183241,,48.054911449584324,3.696531649968025,51.22336714955692,3.168455699972593,
94,2020-04-06,3176,531,9747.0,,,,255,2,1006.0,42.0,,,302,27,910.0,,,,69,7,,,,,56.42514613642048,9.43380119598214,61.9174102709659,10.243427933006165,,46.67508648618966,0.3660791096956052,62.70412178929009,4.575988871195065,,95.78547099333656,8.563601711324793,92.7950069036676,5.935618117373269,,36.437240549684816,3.696531649968025,47.1496383924493,3.6210922285401064,
95,2020-04-07,2978,1009,11065.0,,,,268,74,1097.0,124.0,,,291,19,696.0,,,,97,3,,,,,52.90745755486782,17.925998882760787,63.34885064614318,11.870295451603031,0.3315186532934059,49.0546006992111,13.544927058737393,58.46806351995523,5.9357112786358845,0.21663936473921497,92.2965962220561,6.026238241302631,100.90550799534557,6.479338860949446,0.34015543229903056,51.22336714955692,1.5842278499862965,50.46897293527773,3.3947739642563497,
96,2020-04-08,4788,922,10917.0,,,,336,70,1555.0,154.0,,,283,33,794.0,,,,84,5,,,,,85.06410569936438,16.380347839351284,66.28787184198588,12.654542040131005,0.3443680588672632,61.50129042886167,12.812768839346182,58.96488516882784,7.0339486077227,0.21824309123900257,89.75923275203394,10.466624313841413,101.3132985530277,6.660579108808172,0.3452919090913472,44.3583797996163,2.6403797499771606,49.035623928147274,3.6210922285401064,
97,2020-04-09,3798,990,13529.0,,,,392,81,1644.0,130.0,,,16,41,21.0,,,,138,4,,,,,67.47566279160107,17.58844290776331,66.83354503465097,13.636753786928177,0.3348449715220145,71.75150550033862,14.826203942672011,61.57973595236788,8.39367101516352,0.21249864560047968,5.074726940044322,13.003987783863574,89.17020194649308,7.6574004720311635,0.41106598942411726,72.87448109936963,2.1123037999817287,53.033913263826975,3.4702133856842683,
98,2020-04-10,4263,1035,14543.0,,,,318,48,1391.0,176.0,,,502,29,1254.0,,,,112,10,,,,,75.73690112706565,18.387917585388916,68.57716123632967,14.603737444627718,0.3332953253954389,58.20657844160123,8.785898632694526,59.461706817700446,8.44596803083432,0.2041368821319558,159.2195577438906,9.197942578830332,96.28388167494806,7.883950781854571,0.4230381633953255,59.1445063994884,5.280759499954321,51.67600367812443,3.3193345428284307,
99,2020-04-11,3841,745,13400.0,,,,315,47,1580.0,207.0,,,340,36,912.0,,,,128,15,,,,,68.2396052613322,13.235747440690572,70.94005306131201,14.745866276205604,0.3363968943377423,57.65745977705782,8.602859077846722,58.703400090473835,8.47211653866972,0.19703040877962885,107.83794747594183,11.418135615099724,94.15430876260804,8.926082207042244,0.4264893589517842,67.59372159941532,7.921139249931482,54.24094400667367,3.8474104928238626,
100,2020-04-12,3672,604,12540.0,,,,322,24,1475.0,142.0,,,367,18,1005.0,,,,89,11,,,,,65.23713369424937,10.730726784130344,67.29800175212871,14.811854662295335,0.3124126502979466,58.93873666099244,4.392949316347263,57.68360828489322,9.047383711048528,0.20839020301360656,116.40154918726662,5.709067807549862,95.1964401877957,9.197942578830332,0.42951423457367477,46.99875954959346,5.808835449949753,54.09006516381783,4.149168178535538,
101,2020-04-13,2999,694,10374.0,,,,155,9,873.0,84.0,,,313,15,770.0,,,,76,6,,,,,53.280545737759766,12.329676139381553,66.8487731237486,15.225551082780965,0.30716182965337846,28.371131001409402,1.6473559936302233,55.06875750135318,9.23042326589633,0.1967678975310747,99.27434576461704,4.757556506291551,95.6948508694072,8.654221835254155,0.44017500237729973,40.133772199652846,3.168455699972593,54.618141113813266,4.073728757107619,
102,2020-04-14,3854,1007,10033.0,,,,291,40,1370.0,59.0,,,238,19,678.0,,,,85,10,,,,,68.47056461264626,17.890466674866317,69.07207413200267,15.220475053081756,0.3235897503663587,53.264510460710554,7.321582193912104,55.67017318156739,8.341373999492719,0.1945031387932579,75.48656323315929,6.026238241302631,93.29341758527909,8.654221835254155,0.4305934309632596,44.886455749611734,5.280759499954321,53.71286805667824,4.601804707103051,
103,2020-04-15,3188,730,11637.0,,,,390,84,1610.0,124.0,,,272,60,703.0,,,,121,6,,,,,56.638339383787304,12.969255881482036,65.01125037263452,14.733176201957578,0.3000714275268766,71.38542639064302,15.375322607215418,57.082192604679015,8.707453109188323,0.1985470377007023,86.27035798075346,19.030226025166204,92.7950069036676,9.877593508300555,0.43494915313682614,63.89718994944729,3.168455699972593,56.50412664951124,4.677244128530971,
104,2020-04-16,3118,906,13704.0,,,,354,80,1707.0,129.0,,,284,32,755.0,,,,113,18,,,,,55.39471210748081,16.096090176195514,63.28540027490305,14.51998295459075,0.2924706456952766,64.79600241612212,14.643164387824209,56.0885493069338,8.681304601352924,0.19452430872936932,90.0764031857867,10.149453880088643,104.93810351020223,9.469802950618421,0.379842607207196,59.67258234948383,9.505367099917779,54.618141113813266,5.733396028521835,
105,2020-04-17,3985,826,15517.0,,,,307,58,1541.0,141.0,,,244,11,705.0,,,,137,18,,,,,70.79792422973414,14.674801860416661,62.57983214671283,13.989537851023286,0.287282701438772,56.1931433382754,10.61629418117255,55.80091572074439,8.942789679706927,0.19160791771974747,77.3895858356759,3.488874771280471,93.2481075233144,8.654221835254155,0.3720969374234523,72.3464051493742,9.505367099917779,56.50412664951124,6.336911399945186,
106,2020-04-18,3548,1004,14618.0,,,,411,56,1907.0,108.0,,,292,28,783.0,,,,148,17,,,,,63.03413680479215,17.83716836302461,61.83619379577854,14.646883697071004,0.2810073686641835,75.22925704244687,10.250215071476946,58.31117247294283,9.17812625022553,0.19556465199761827,92.61376665580886,8.880772145077563,91.0732245490097,8.291741339536703,0.37211374188671775,78.15524059932396,8.977291149922346,58.01291507806962,6.487790242801023,
107,2020-04-19,3607,380,13849.0,,,,367,10,1555.0,154.0,,,334,41,1056.0,,,,159,1,,,,,64.08233693767905,6.751119499949553,61.67122283055421,14.078368370759463,0.2763829474769096,67.17551662914356,1.830395548478026,59.48785532553585,8.812047140529925,0.197794832861921,105.9349248734252,13.003987783863574,89.57799250417521,9.333872764724378,0.36512999180595274,83.96407604927371,0.5280759499954322,63.29367457802394,5.733396028521835,
108,2020-04-20,2401,536,11284.0,,,,263,12,1255.0,77.0,,,276,9,921.0,,,,83,13,,,,,42.656415577312835,9.522631715718317,60.15348995049036,13.677362024521859,0.2654816691126189,48.13940292497208,2.1964746581736314,62.311894171759086,8.890492664036126,0.2028638293102278,87.53903971576455,2.854533903774931,87.901520211482,9.062012392936289,0.34987010046416284,43.83030384962087,6.864987349940618,63.82175052801937,6.261471978517267,
109,2020-04-21,3087,1116,12542.0,,,,222,70,1333.0,68.0,,,304,25,1033.0,,,,30,13,,,,,54.843962885116504,19.826972005115003,58.20683256084325,13.954005643128813,0.2457674733899909,40.63478117621218,12.812768839346182,60.507647131116464,9.674947899098138,0.19640944870792026,96.4198118608421,7.929260843819252,90.89198430115097,9.333872764724378,0.3417638192894925,15.842278499862964,6.864987349940618,59.67258234948383,6.487790242801023,
110,2020-04-22,3020,725,16444.0,,,,366,77,2099.0,125.0,,,274,15,964.0,,,,116,30,556.0,,,,53.653633920651714,12.880425361745859,57.7804460661096,13.941315568880787,0.23286745111948898,66.99247707429575,14.0940457232808,59.88008294306685,9.491908344250335,0.18778871306707062,86.904698848259,4.757556506291551,90.98260442508032,7.294919976313712,0.3270951244504548,61.25681019947013,15.842278499862964,59.29538524234424,8.298336357071076,
111,2020-04-23,3084,594,16233.0,,,,371,58,2033.0,151.0,,,234,17,816.0,,,,142,13,1006.0,,,,54.790664573274796,10.553065744657987,57.694153561223025,13.149454935803998,0.2275043878252833,67.90767484853477,10.61629418117255,60.32460757626866,8.916641171871527,0.18451176126070704,74.2178814981482,5.391897373797091,88.71710132684626,6.6152690468434905,0.3143245195197408,74.98678489935136,6.864987349940618,61.483128463753886,7.921139249931482,
112,2020-04-24,3004,821,16947.0,,,,288,64,1624.0,148.0,,,243,110,1027.0,,,,106,15,767.0,,,,53.369376257495944,14.585971340680482,55.204360993760424,13.136764861555973,0.2161391600850322,52.71539179616715,11.714531510259366,59.82778592739605,9.07353221888393,0.18165567670971453,77.07241540192314,34.88874771280471,88.67179126488158,11.100965181346952,0.29868340509058433,55.97605069951581,7.921139249931482,59.1445063994884,7.694820985647725,
113,2020-04-25,2826,729,17489.0,,,,354,47,2059.0,163.0,,,299,23,1301.0,,,,104,16,1132.0,,,,50.20700975488799,12.951489777534801,53.37191427234555,12.438810777914572,0.20454956320112436,64.79600241612212,8.602859077846722,58.33732098077823,8.838195648365325,0.17527649217658556,94.83395969207825,7.294919976313712,88.98896169863436,10.874414871523545,0.2782403428229309,54.919898799524944,8.449215199926915,55.82517185665997,7.619381564219807,
114,2020-04-26,2152,327,14835.0,,,,273,18,1455.0,643.0,,,178,14,775.0,,,,82,5,874.0,,,,38.232655694451154,5.809515990746063,49.67910266617013,12.304295990885501,0.18806532525089553,49.96979847345011,3.2947119872604467,55.879361244250596,9.047383711048528,0.16318770108597547,56.45633720799307,4.440386072538781,81.92059203214404,9.651043198477147,0.2658674200467823,43.302227899625436,2.6403797499771606,50.01633640671022,7.921139249931482,
115,2020-04-27,2264,289,14699.0,,,,197,13,1265.0,1343.0,,,203,8,1250.0,,,,66,10,754.0,,,,40.22245933654155,5.134404040751107,49.33139463177424,11.677406323033043,0.17967174338567088,36.058792305017114,2.3795142130214337,54.15355972711417,9.073532218883928,0.1457718957100474,64.38559805181232,2.537363470022161,78.6129575087223,9.605733136512466,0.24625681046092843,34.853012699698525,5.280759499954321,48.733866242435596,7.694820985647725,
116,2020-04-28,1989,862,13097.0,,,,200,70,1557.0,1070.0,,,232,17,1191.0,,,,34,20,595.0,,,,35.33678075105174,15.314381602517145,46.54465432690784,11.032750551233349,0.16620515004156386,36.60791096956052,12.812768839346182,53.57829255473536,9.073532218883928,0.13401107090823577,73.58354063064266,5.391897373797091,75.35063304726523,9.243252640795014,0.23204335479768357,17.95458229984469,10.561518999908643,49.035623928147274,8.222896935643158,0.11690818182330592
117,2020-04-29,1403,604,19526.0,,,,313,83,2405.0,1066.0,,,117,73,734.0,,,,55,9,983.0,,,,24.92584383797164,10.730726784130344,42.440684315096405,10.725650754431133,0.1502336217277795,57.29138066736221,15.192283052367616,52.19242163945914,9.23042326589633,0.1233835561278635,37.1089407490741,23.153441663952215,68.23695331881025,11.871236234746537,0.21421023762824068,29.044177249748767,4.752683549958889,44.43381922104422,6.638669085656861,0.0950964784465799
118,2020-04-30,2484,543,27283.0,,,,319,60,2406.0,2016.0,,,183,22,1042.0,,,,73,9,1419.0,,,,44.131002204933395,9.646994443348968,40.91787540533335,10.596211997101273,0.13609967014241234,58.38961799644903,10.982373290868155,50.83269923201832,9.282720281567132,0.10942177164369096,58.04218937675692,6.977749542560942,65.9261401586115,12.097786544569944,0.19833296541417272,38.54954434966655,4.752683549958889,39.22849914251782,6.336911399945186,0.08228099242382586
119,2020-05-01,2501,623,34807.0,,,,301,40,2537.0,2124.0,,,160,17,1090.0,,,,87,18,1319.0,,,,44.433025972036404,11.06828275912782,39.64125393598198,10.093685056879464,0.12104179171359997,55.094906009188584,7.321582193912104,51.17262983387853,8.655156093517522,0.09542894306433365,50.747269400443216,5.391897373797091,62.16540501554294,7.883950781854571,0.18550117984983577,45.9426076496026,9.505367099917779,37.79515013538736,6.563229664228943,0.07196074637029444
120,2020-05-02,2228,485,33408.0,,,,273,44,2921.0,2392.0,,,183,44,1438.0,,,,66,11,1328.0,,,,39.58287959444107,8.616560414409298,38.12352105591813,9.47440943357582,0.10748512451238822,49.96979847345011,8.053740413303315,49.0546006992111,8.576710570011322,0.08001000986666607,58.04218937675692,13.955499085121884,56.90943782763989,8.835462083112882,0.17084930421213454,34.853012699698525,5.808835449949753,34.92845212112644,6.186032557089348,0.06593588975047848
121,2020-05-03,2019,222,23664.0,,,,170,12,1986.0,1734.0,,,174,14,1198.0,,,,78,5,1204.0,,,,35.86976386946881,3.944075076286318,37.78596508092066,9.207917874367286,0.09895042737981322,31.11672432412644,2.1964746581736314,46.36130439216486,8.41981952299892,0.06794929517825679,55.187655472981994,4.440386072538781,56.72819757978116,8.835462083112882,0.15878711146385205,41.189924099643704,2.6403797499771606,34.62669443541476,6.186032557089348,0.061787681587430386
122,2020-05-04,1485,247,21097.0,,,,169,5,1949.0,1845.0,,,195,14,1504.0,,,,69,6,1317.0,,,,26.382664361644967,4.38822767496721,35.80885151307829,9.101321250683872,0.0870025804634089,30.93368476927864,0.915197774239013,45.62914617277365,8.210631460315717,0.06352175332865526,61.848234581790166,4.440386072538781,56.36571708406371,9.10732245490097,0.1541091479380162,36.437240549684816,3.168455699972593,34.853012699698525,5.884274871377673,0.05676748773682258
123,2020-05-05,1842,639,22381.0,,,,171,44,2445.0,1478.0,,,145,26,892.0,,,,45,17,1148.0,,,,32.7251634708081,11.35254042228359,35.43576333018634,8.535343939221935,0.07706473943694417,31.299763878974243,8.053740413303315,44.870839445547034,7.530770256595307,0.058872698969153654,45.989712894151666,8.246431277572022,52.42374169313643,9.515113012583102,0.14950368555222826,23.763417749794446,8.977291149922346,35.68284633540563,5.657956607093916,0.05420402332666828
124,2020-05-06,1611,529,27270.0,,,,272,83,3036.0,1647.0,,,95,21,743.0,,,,53,14,1301.0,,,,28.621193458996657,9.398268988087668,35.9636704189042,8.344992825501553,0.07523945279800973,49.78675891860231,15.192283052367616,43.79875062429562,7.530770256595307,0.054287939531195824,30.131191206513158,6.660579108808172,51.426920329913436,7.1589897904196675,0.14499789726062431,27.988025349757905,7.39306329993605,35.53196749254979,6.03515371423351,0.052030698189475456
125,2020-05-07,2133,377,27203.0,,,,215,59,3174.0,1905.0,,,87,18,933.0,,,,50,4,1357.0,,,,37.895099719453675,6.697821188107846,35.072827206692814,7.923682360467107,0.073434418986032,39.353504292277556,10.799333736020353,41.07930580941398,7.504621748759907,0.05002963439835022,27.593827736490997,5.709067807549862,47.07715438130402,6.977749542560942,0.13322986698070435,26.403797499771606,2.1123037999817287,33.79686079970766,5.657956607093916,0.049945170251777034
126,2020-05-08,1694,498,27820.0,,,,225,49,3075.0,1657.0,,,152,28,1134.0,,,,38,4,1559.0,,,,30.095780086617218,8.847519765723362,33.0246492230615,7.60643050426647,0.07186843072521465,41.183899840755586,8.968938187542328,39.09201921392356,7.73995831927851,0.047596804197225236,48.20990593042105,8.880772145077563,46.71467388558656,7.476160224172438,0.13140841124924424,20.066886099826423,2.1123037999817287,30.100329149739633,4.601804707103051,0.04400453299579553
127,2020-05-09,1349,226,27174.0,,,,156,36,2769.0,1628.0,,,118,9,1096.0,,,,56,4,1453.0,,,,23.966474224820914,4.015139492075261,30.79373417025862,6.949084658218751,0.06943306331313585,28.554170556257205,6.589423974520893,36.03264379718171,7.530770256595307,0.04532470938179554,37.42611118282687,2.854533903774931,43.76951985788227,5.890308055408587,0.12860900412458814,29.5722531997442,2.1123037999817287,29.34593493546044,4.073728757107619,0.04241055507842355
128,2020-05-10,1007,190,22738.0,,,,181,10,2437.0,1355.0,,,223,12,2017.0,,,,41,5,1220.0,,,,17.890466674866317,3.3755597499747765,28.225263142458264,6.867868183031388,0.06357129529511066,33.13015942745227,1.830395548478026,36.32027738337111,7.478473240924506,0.04561515835027635,70.72900672686772,3.806045205033241,45.989712894151666,5.799687931479225,0.1236544566760642,21.651113949812718,2.6403797499771606,26.554676342627445,4.073728757107619,0.03795662710998112
129,2020-05-11,891,174,21548.0,,,,141,5,2346.0,1238.0,,,124,5,1314.0,,,,30,3,1119.0,,,,15.82959861698698,3.091302086819006,26.717682321792836,6.682593099010216,0.059422779630149254,25.808577233540166,0.915197774239013,35.588119163979904,7.478473240924506,0.04487194420576246,39.329133785343494,1.5858521687638505,42.77269849465928,5.391897373797091,0.1186136117652834,15.842278499862964,1.5842278499862965,23.61253890693861,3.8474104928238626,0.03430203452856851
130,2020-05-12,1067,539,20796.0,,,,136,50,2539.0,1544.0,,,105,16,1193.0,,,,44,9,934.0,,,,18.956432911700457,9.575930027560025,24.750720813348888,6.428791614049707,0.05499506409962294,24.893379459301155,9.15197774239013,34.67292138974089,7.635364287936908,0.04340333728518078,33.30289554404086,5.074726940044322,40.96029601607202,4.938796754150277,0.10796466287325737,23.235341799799013,4.752683549958889,23.53709948551069,3.2438951214005116,0.035432120448140286
131,2020-05-13,1146,362,26006.0,,,,166,61,3591.0,1517.0,,,133,22,1087.0,,,,60,2,1393.0,,,,20.359955123532075,6.431329628899311,23.57054390828252,6.004943134165655,0.05285089927609166,30.38456610473523,11.16541284571596,31.901179559188453,7.060097115558101,0.039748425355349205,42.18366768911842,6.977749542560942,42.68207837072992,4.984106816114958,0.10717824557009563,31.684556999725928,1.0561518999908643,24.06517543550612,2.3386220642654854,0.03576563637047104
132,2020-05-14,1189,303,25114.0,,,,188,34,4009.0,1820.0,,,128,10,1300.0,,,,38,5,1405.0,,,,21.12389759326321,5.383129496012407,21.17465789025531,5.817130035294879,0.048412848050518105,34.411436311386886,6.223344864825289,31.19516984763264,6.406384419673091,0.038308620055138416,40.59781552035457,3.171704337527701,44.539790911281855,4.621626320397507,0.10792309557539578,20.066886099826423,2.6403797499771606,23.159902378371097,2.414061485693404,0.03436567630724655
133,2020-05-15,1112,280,26159.0,,,,143,46,3221.0,1992.0,,,126,9,1421.0,,,,26,15,1406.0,,,,19.75590758932606,4.974509105225986,19.697533247785145,5.263842798080968,0.04578682308315353,26.17465634323577,8.41981952299892,29.050992205129813,6.32793889616689,0.03543473665592,39.96347465284903,2.854533903774931,43.36172930020014,3.7607351430685596,0.10144183129445991,13.729974699881236,7.921139249931482,22.25462932123607,3.2438951214005116,0.03352533020509295
134,2020-05-16,1136,348,29335.0,,,,187,41,4840.0,1679.0,,,183,18,1652.0,,,,40,4,1497.0,,,,20.182294084059716,6.182604173638012,19.156936084819257,5.57348060973279,0.044227113268410334,34.228396756539084,7.504621748759907,29.861595948027222,6.458681435343892,0.03446425746905661,58.04218937675692,5.709067807549862,46.30688332790443,4.168525700750693,0.1018862005552163,21.123037999817285,2.1123037999817287,21.047598578389366,3.2438951214005116,0.031836638365279876
135,2020-05-17,788,43,25494.0,,,,90,9,3043.0,1678.0,,,162,12,1743.0,,,,28,3,1269.0,,,,13.999689910421706,0.7639424697311337,18.601110832755744,5.20039242684084,0.042315989990509104,16.473559936302234,1.6473559936302233,27.48208173500579,6.4325329275084915,0.030368784635900817,51.38161026794875,3.806045205033241,43.54296954805886,4.168525700750693,0.0993694810408938,14.7861265998721,1.5842278499862965,20.06688609982642,3.093016278544674,0.03018778985560123
136,2020-05-18,816,134,19574.0,,,,57,2,2317.0,1158.0,,,101,4,1931.0,,,,16,6,924.0,,,,14.497140820944304,2.3806579289295793,18.41075971903536,5.098871832856636,0.042364334019962056,10.433254626324748,0.3660791096956052,25.285607076832157,6.35408740400229,0.02709183604171494,32.03421380902978,1.2686817350110804,42.500838122871194,4.123215638786011,0.09336036168288148,8.449215199926915,3.168455699972593,19.010734199835557,3.3193345428284307,0.028831556404385013
137,2020-05-19,857,447,23107.0,,,,61,29,2854.0,1705.0,,,166,17,1914.0,,,,20,7,960.0,,,,15.225551082780967,7.941448464414343,17.87777660061829,4.865374466692968,0.04033296035951593,11.16541284571596,5.308147090586275,23.32446898917713,5.804968739458882,0.02424487685354309,52.65029200295984,5.391897373797091,45.26475190271676,4.168525700750693,0.09317692611487499,10.561518999908643,3.696531649968025,17.200188085565504,3.168455699972593,0.025077860065035568
138,2020-05-20,824,259,28611.0,,,,96,50,3699.0,2653.0,,,110,14,1565.0,,,,18,5,1321.0,,,,14.63926965252219,4.601420922334038,17.06053581904545,4.603958937183643,0.03815201150509513,17.57179726538905,9.15197774239013,21.494073440699104,5.517335153269478,0.021761349402019566,34.88874771280471,4.440386072538781,44.222620477529084,3.806045205033241,0.085738702420637,9.505367099917779,2.6403797499771606,14.031732385592912,3.3947739642563493,0.020871222278472632
139,2020-05-21,854,220,30817.0,,,,105,37,4090.0,2428.0,,,166,9,1843.0,,,,42,7,1546.0,,,,15.17225277093926,3.9085428683918466,16.210300844427742,4.39330370466642,0.03534742097666123,19.219153259019272,6.7724635293686966,19.323747290360874,5.5957806767756795,0.019455164474985166,52.65029200295984,2.854533903774931,45.94440283218698,3.7607351430685596,0.08453998795008313,22.17918989980815,3.696531649968025,14.333490071304587,3.5456528071121873,0.020888453554422308
140,2020-05-22,1083,257,30671.0,,,,113,24,3858.0,1884.0,,,138,7,1794.0,,,,23,3,1405.0,,,,19.240690574856227,4.565888714439566,16.136698413789198,4.334929363125503,0.03431898635816644,20.683469697801694,4.392949316347263,18.539292055298862,5.020513504396871,0.018347754862974987,43.76951985788227,2.2201930362693907,46.48812357576316,3.670115019139197,0.08286186311924894,12.14574684989494,1.5842278499862965,14.10717180702083,2.6403797499771606,0.020585300750801252
141,2020-05-23,979,197,28480.0,,,,72,16,3755.0,1651.0,,,185,6,2161.0,,,,41,1,1519.0,,,,17.39301576434372,3.4999224776054265,15.738230082401197,3.9516891208351335,0.03369754743829987,13.178847949041787,2.9286328775648416,15.53221365422782,4.366800808511862,0.016152491115506373,58.676530244262466,1.9030226025166206,46.578743699692524,3.1263942755630194,0.07926667685848435,21.651113949812718,0.5280759499954322,14.18261122844875,2.414061485693404,0.020624062873309538
142,2020-05-24,584,362,25548.0,,,,60,9,2886.0,1225.0,,,140,7,2426.0,,,,25,1,1370.0,,,,10.375404705185629,6.431329628899311,15.220475053081756,4.761315857859159,0.03254750438985639,10.982373290868155,1.6473559936302233,14.747758419165809,4.366800808511862,0.015514095597692124,44.403860725387815,2.2201930362693907,45.58192233646953,2.8998439657396125,0.0742330997450438,13.201898749885803,0.5280759499954322,13.956292964164993,2.2631826428375663,0.020078856783764264
143,2020-05-25,494,86,19911.0,,,,55,3,3401.0,1341.0,,,106,7,3079.0,,,,39,8,1084.0,,,,8.77645534993442,1.5278849394622673,14.403234271508916,4.639491145078114,0.030136426232783453,10.067175516629144,0.5491186645434079,14.69546140349501,4.392949316347263,0.014827753305616283,33.62006597779363,2.2201930362693907,45.80847264629294,3.0357741516336567,0.07167913638762899,20.594962049821852,4.224607599963457,15.691399657007127,2.414061485693404,0.022744834278418617
144,2020-05-26,492,105,19845.0,,,,29,18,2977.0,1448.0,,,141,8,3030.0,,,,28,0,928.0,,,,8.740923142039948,1.865440914459745,13.476858851403057,3.7714900665131714,0.028379827785015355,5.308147090586275,3.2947119872604467,13.858709152762197,4.105315730157859,0.013852545462116627,44.72103115914058,2.537363470022161,44.6757210971759,2.6279835939515235,0.06593703508390256,14.7861265998721,0.0,16.294915028430477,1.885985535697972,0.02407898862981435
145,2020-05-27,609,396,22511.0,,,,55,13,3750.0,1428.0,,,97,11,2206.0,,,,26,2,1241.0,,,,10.819557303866521,7.035377163105324,12.931185658737961,4.1191981009090695,0.028130303312884755,10.067175516629144,2.3795142130214337,12.786620331510782,3.137820940248045,0.013210904261649236,30.765532074018697,3.488874771280471,44.086690291635044,2.492053408057479,0.06217752769502537,13.729974699881236,1.0561518999908643,16.89843039985383,1.6596672714142153,0.025125389374634172
146,2020-05-28,519,315,29148.0,,,,48,12,3575.0,1425.0,,,72,14,1555.0,,,,16,2,1392.0,,,,9.220607948615312,5.596322743379235,12.080950684120253,4.360309511621554,0.026715118197868155,8.785898632694526,2.1964746581736314,11.29615538489296,2.4841082443630356,0.012281013409941876,22.836271230199447,4.440386072538781,39.82754446695499,2.7186037178808866,0.05592491535733923,8.449215199926915,1.0561518999908643,14.937005442727937,1.282470164274621,0.02288644231702271
147,2020-05-29,560,246,29609.0,,,,39,15,4235.0,1237.0,,,102,10,2743.0,,,,17,3,1346.0,,,,9.949018210451973,4.370461571019974,10.75356891777679,4.332391348275897,0.024372681110846058,7.138542639064301,2.745593322717039,9.361165805073334,2.248771673844432,0.010487818955676641,32.35138424278255,3.171704337527701,38.196382236226455,2.854533903774931,0.05024812769003024,8.977291149922346,1.5842278499862965,14.484368914160424,1.282470164274621,0.022352143473776304
148,2020-05-30,715,117,30139.0,,,,55,22,3299.0,1026.0,,,86,14,2400.0,,,,13,1,1247.0,,,,12.702764322273502,2.078634161826573,10.083532997481043,4.1293501603074905,0.022851026088639422,10.067175516629144,4.026870206651657,8.916641171871527,2.405662720856834,0.010401851533480366,27.27665730273823,4.440386072538781,33.71068610172299,3.2170143994923825,0.043137387512422874,6.864987349940618,0.5280759499954322,12.372065114178696,1.282470164274621,0.019985511803794872
149,2020-05-31,320,39,24823.0,,,,18,9,2588.0,641.0,,,82,11,3106.0,,,,7,1,1238.0,,,,5.685153263115414,0.692878053942191,9.413497077185298,3.3095713638850444,0.02142707437248552,3.2947119872604467,1.6473559936302233,7.818403842784711,2.405662720856834,0.009113207563450491,26.007975567727147,3.488874771280471,31.08270250777147,3.3982546473511084,0.03866486659087289,3.696531649968025,0.5280759499954322,11.014155528476156,1.282470164274621,0.01818638407751834
150,2020-06-01,294,79,21332.0,,23110.0,,18,1,2096.0,633.0,,,59,5,2945.0,,,,12,1,1147.0,,,,5.223234560487286,1.4035222118316177,8.90589410726428,3.2918052599378087,0.018504473863834393,3.2947119872604467,0.1830395548478026,6.850909052874898,2.3533657051860333,0.008398541990928621,18.713055591413436,1.5858521687638505,28.95312959543144,3.3076345234217452,0.036608751436828894,6.336911399945186,0.5280759499954322,8.977291149922346,0.7543942142791888,0.014541271963176373
151,2020-06-02,444,228,23240.0,,30357.0,,53,12,3435.0,971.0,,,67,7,2492.0,,,,4,2,831.0,,,,7.888150152572636,4.050671699969732,8.784069394483234,3.6039810864392354,0.01571825548550119,9.701096406933537,2.1964746581736314,7.478473240924506,2.1964746581736314,0.009180738987686655,21.250419061435597,2.2201930362693907,25.600185010045013,3.2623244614570637,0.033801805986493905,2.1123037999817287,1.0561518999908643,7.166745035652293,0.9052730571350266,0.010918566812399519
152,2020-06-03,462,218,30828.0,,36013.0,,33,11,3641.0,1150.0,,,82,17,2400.0,,,,8,8,1294.0,,,,8.207940023622879,3.8730106604973753,8.410981211591286,3.1522144432095285,0.012495164539222677,6.0403053099774855,2.0134351033258286,6.903206068545698,2.1441776425028305,0.008647318004494194,26.007975567727147,5.391897373797091,24.920534080574793,3.5341848332451526,0.03240118862259458,4.224607599963457,4.224607599963457,5.808835449949754,1.3579095857025398,0.008808785973045505
153,2020-06-04,431,112,31443.0,,40385.0,,49,9,3834.0,1368.0,,,35,8,2602.0,,,,33,1,1856.0,,,,7.657190801258572,1.9898036420903946,8.187635904826037,2.636997428739694,0.010500197160389796,8.968938187542328,1.6473559936302233,6.929354576381098,2.0657321189966296,0.008621525726798801,11.100965181346954,2.537363470022161,23.24406178788158,3.2623244614570637,0.027708180135077292,17.426506349849262,0.5280759499954322,7.091305614224375,1.282470164274621,0.00970677447879263
154,2020-06-05,451,239,30907.0,,42899.0,,29,14,4180.0,1346.0,,,76,4,3006.0,,,,3,1,1500.0,,,,8.012512880203285,4.2460988433893245,7.910992286219082,2.6192313247924583,0.008350379481279362,5.308147090586275,2.5625537678692365,6.667869498027095,2.039583611161229,0.008353058004833738,24.104952965210526,1.2686817350110804,22.06600017679986,2.990464089668975,0.026007780784480707,1.5842278499862965,0.5280759499954322,6.035153714233511,1.1315913214187832,0.00818820092752963
155,2020-06-06,422,126,29469.0,,41619.0,,21,6,3552.0,1422.0,,,42,10,3136.0,,,,14,1,1536.0,,,,7.497295865733451,2.238529097351694,7.167353935284789,2.642073458438904,0.005496209038215109,3.8438306518038545,1.0982373290868157,5.778820231623482,1.621207485794823,0.007139513884242335,13.321158217616343,3.171704337527701,20.072357450353877,2.8092238418102493,0.022801998471555535,7.39306329993605,0.5280759499954322,6.110593135661429,1.1315913214187832,0.008000995682560751
156,2020-06-07,228,49,27694.0,,22720.0,,18,0,2908.0,1036.0,,,40,5,3869.0,,,,6,0,1165.0,,,,4.050671699969732,0.8705390934145477,6.9338565691211205,2.6674536069349553,0.004099965441739775,3.2947119872604467,0.0,5.778820231623482,1.3858709152762196,0.006995144349924833,12.686817350110804,1.5858521687638505,18.16933484783726,2.537363470022161,0.02050743756450248,3.168455699972593,0.0,6.035153714233511,1.0561518999908643,0.007928986181664842
157,2020-06-08,92,44,23540.0,,16694.0,,18,0,2651.0,774.0,,,42,3,3263.0,,,,6,0,1338.0,,,,1.6344815631456813,0.7817085736783693,6.421177569500891,2.578623087198777,0.0037090902560153968,3.2947119872604467,0.0,5.778820231623482,1.3597224074408194,0.006803666036624403,13.321158217616343,0.9515113012583103,17.399063794437673,2.4467433460927976,0.019484242522137932,3.168455699972593,0.0,5.582517185665997,0.9807124785629454,0.007075019032312188
158,2020-06-09,651,179,25035.0,,27978.0,,14,7,3059.0,1503.0,,,42,9,3108.0,,,,3,0,1004.0,,,,11.565733669650418,3.1801326065551843,6.946546643369146,2.454260359568127,0.004101850214710403,2.5625537678692365,1.2812768839346182,4.7590284260428675,1.2289798682638176,0.005523634346206175,13.321158217616343,2.854533903774931,16.266312245320638,2.537363470022161,0.017573882265068206,1.5842278499862965,0.0,5.507077764238078,0.8298336357071077,0.006814243328183541
159,2020-06-10,63,143,35187.0,,37147.0,,12,12,3335.0,1412.0,,,38,9,3288.0,,,,13,0,1242.0,,,,1.119264548675847,2.5405528644547,5.933878718376713,2.2639092458477448,0.0035423699858476497,2.1964746581736314,2.1964746581736314,4.20990976149946,1.2551283760992178,0.004900776849831753,12.052476482605263,2.854533903774931,14.272669518874654,2.174882974304709,0.014343955257768937,6.864987349940618,0.0,5.884274871377673,0.22631826428375665,0.007426330258394254
160,2020-06-11,304,64,34290.0,,42979.0,,17,5,3896.0,1777.0,,,63,6,3324.0,,,,4,1,1690.0,,,,5.400895599959643,1.1370306526230827,5.6115508324768655,2.1420845330667,0.0033548269682891676,3.1116724324126444,0.915197774239013,3.373157510766648,1.1505343447576164,0.003983233527819255,19.981737326424515,1.9030226025166206,15.541351253885734,2.0842628503753464,0.015129937715028973,2.1123037999817287,0.5280759499954322,3.696531649968025,0.22631826428375665,0.005224429042898874
161,2020-06-12,392,117,31130.0,,46491.0,,27,3,3917.0,1460.0,,,77,10,3681.0,,,,16,1,1330.0,,,,6.964312747316382,2.078634161826573,5.461807956350165,1.8324467214148787,0.00325396882552273,4.942067980890671,0.5491186645434079,3.320860495095847,0.8629007585682124,0.003950871879538918,24.422123398963297,3.171704337527701,15.586661315850415,2.356123222163435,0.014506432135664939,8.449215199926915,0.5280759499954322,4.677244128530971,0.22631826428375665,0.006657296926894577
162,2020-06-13,372,94,30837.0,,46952.0,,21,5,4323.0,1413.0,,,45,6,3912.0,,,,3,2,1354.0,,,,6.608990668371668,1.6700137710401526,5.3349072138699105,1.7512302462275158,0.0031451055872284,3.8438306518038545,0.915197774239013,3.320860495095847,0.8367522507328119,0.0038707481230343837,14.272669518874654,1.9030226025166206,15.72259150174446,2.174882974304709,0.014236462184494286,1.5842278499862965,1.0561518999908643,3.847410492823863,0.30175768571167555,0.005671736066656834
163,2020-06-14,292,23,30577.0,,21337.0,,25,1,3138.0,1279.0,,,39,3,3079.0,,,,7,0,1189.0,,,,5.187702352592814,0.4086203907864203,5.497340164244636,1.6852418601377832,0.0032692096850621423,4.575988871195065,0.1830395548478026,3.50390004994365,0.8629007585682124,0.00402732750433606,12.369646916358034,0.9515113012583103,15.677281439779778,2.0842628503753464,0.014569013807854312,3.696531649968025,0.0,3.9228499142517816,0.30175768571167555,0.005777034018090861
164,2020-06-15,219,25,23632.0,,13452.0,,29,0,2963.0,1013.0,,,62,4,3100.0,,,,4,0,1005.0,,,,3.890776764444611,0.4441525986808917,5.819668050144483,1.6370195779952863,0.0036574193931402637,5.308147090586275,0.0,3.791533636133054,0.8629007585682124,0.004318511521892913,19.664566892671747,1.2686817350110804,16.58348267907341,2.129572912340028,0.015587358013449513,2.1123037999817287,0.0,3.771971071395944,0.30175768571167555,0.005705004670912594
165,2020-06-16,252,106,28149.0,,28186.0,,15,5,3598.0,1137.0,,,65,8,3012.0,,,,2,1,952.0,,,,4.477058194703388,1.8832070184069807,4.80700012515205,1.4517444939741144,0.002935073309418784,2.745593322717039,0.915197774239013,3.8176821439684545,0.8106037428974115,0.0043326642599616425,20.616078193930054,2.537363470022161,17.625614104261082,2.0842628503753464,0.016739762552308236,1.0561518999908643,0.5280759499954322,3.696531649968025,0.3771971071395944,0.005578260746251096
166,2020-06-17,252,90,35300.0,,39895.0,,21,9,3885.0,1148.0,,,53,10,1923.0,,,,8,1,1432.0,,,,4.477058194703388,1.59894935525121,5.286684931727414,1.3172297069450445,0.0031656659438287485,3.8438306518038545,1.6473559936302233,4.053018714487058,0.7321582193912104,0.0045675998866372535,16.810032988896815,3.171704337527701,18.305265033731303,2.129572912340028,0.01902603752781195,4.224607599963457,0.5280759499954322,3.3193345428284307,0.4526365285675133,0.004881061239238619
167,2020-06-18,281,60,35097.0,,44082.0,,11,2,4200.0,1053.0,,,48,5,2271.0,,,,1,0,1467.0,,,,4.992275209173222,1.06596623683414,5.228310590186496,1.3070776475466241,0.0031301812045492474,2.0134351033258286,0.3660791096956052,3.8961276674746554,0.6537126958850092,0.004438655700644455,15.224180820132965,1.5858521687638505,17.625614104261082,2.0842628503753464,0.019337893930116586,0.5280759499954322,0.0,3.093016278544674,0.3771971071395944,0.004640318289670752
168,2020-06-19,323,73,33806.0,,44895.0,,27,6,3794.0,859.0,,,31,4,2773.0,,,,3,1,1247.0,,,,5.7384515749571205,1.2969255881482036,5.053187565563745,1.195404994164,0.003052312010644206,4.942067980890671,1.0982373290868157,3.8961276674746554,0.7321582193912104,0.00455027292059148,9.832283446335873,1.2686817350110804,15.541351253885734,1.8124024785872577,0.01794660814875077,1.5842278499862965,0.5280759499954322,2.1123037999817287,0.3771971071395944,0.003265418099568965
169,2020-06-20,324,67,34530.0,,41155.0,,26,2,3695.0,863.0,,,25,1,967.0,,,,0,1,1448.0,,,,5.756217678904356,1.1903289644647896,4.9313628527827,1.1268785932246623,0.0030224325624023107,4.7590284260428675,0.3660791096956052,4.026870206651657,0.6537126958850092,0.004842154118682001,7.929260843819252,0.3171704337527701,14.635150014592107,1.5858521687638505,0.019996620520198738,0.0,0.5280759499954322,1.885985535697972,0.30175768571167555,0.0029488956264733753
170,2020-06-21,215,30,28203.0,,20426.0,,26,0,3187.0,626.0,,,100,1,3603.0,,,,4,0,1125.0,,,,3.8197123486556683,0.53298311841707,4.735935709363107,1.144644697171898,0.002897742074231568,4.7590284260428675,0.0,4.053018714487058,0.6275641880496089,0.005007700929076244,31.717043375277008,0.3171704337527701,17.399063794437673,1.4952320448344876,0.0221520774855616,2.1123037999817287,0.0,1.6596672714142153,0.30175768571167555,0.0026157892412223306
171,2020-06-22,178,13,23187.0,,9902.0,,14,0,2858.0,558.0,,,71,1,2722.0,,,,1,0,690.0,,,,3.1623665026079486,0.23095935131406367,4.631877100529299,1.1141885189766367,0.002870150227858735,2.5625537678692365,0.0,3.660791096956052,0.6275641880496089,0.004551214940545528,22.519100796446676,0.3171704337527701,17.806854352119807,1.3593018589404433,0.02302118633409734,0.5280759499954322,0.0,1.4333490071304587,0.30175768571167555,0.0022542429354839417
172,2020-06-23,210,84,29893.0,,26084.0,,12,4,2962.0,1213.0,,,51,5,3245.0,,,,0,1,884.0,,,,3.73088182891949,1.492352731567796,4.525280476845885,1.0583521922853247,0.0028098022786566005,2.1964746581736314,0.7321582193912104,3.582345573449851,0.6014156802142085,0.004509265350511537,16.175692121391275,1.5858521687638505,17.172513484614267,1.223371673046399,0.022183492279440626,0.0,0.5280759499954322,1.282470164274621,0.30175768571167555,0.001954122887464734
173,2020-06-24,107,74,38095.0,,35006.0,,9,4,3745.0,1118.0,,,47,8,2656.0,,,,2,1,1288.0,,,,1.9009731223542163,1.3146916920954392,4.157268323653146,1.0177439546916431,0.0026383979057966337,1.6473559936302233,0.7321582193912104,3.2685634794250467,0.4706731410372067,0.004177586448537851,14.907010386380195,2.537363470022161,16.900653112826177,1.1327515491170361,0.020774160949216677,1.0561518999908643,0.5280759499954322,0.8298336357071077,0.30175768571167555,0.00137786615207687
174,2020-06-25,261,91,35870.0,,36102.0,,5,2,3247.0,1006.0,,,125,6,3095.0,,,,1,0,1408.0,,,,4.636953130228509,1.6167154591984456,4.106508026661044,1.096422415029401,0.002657725982312633,0.915197774239013,0.3660791096956052,3.1116724324126444,0.4706731410372067,0.004046386337694922,39.64630421909626,1.9030226025166206,20.38952788410665,1.1780616110817175,0.023524397909828323,0.5280759499954322,0.0,0.8298336357071077,0.30175768571167555,0.0013819467255592839
175,2020-06-26,175,76,33782.0,,36438.0,,17,0,4351.0,1035.0,,,65,2,2878.0,,,,4,1,1142.0,,,,3.1090681907662416,1.3502238999899108,3.73088182891949,1.1040364595782164,0.0025187838578357635,3.1116724324126444,0.0,2.8501873540586407,0.31378209402480445,0.003668332523229924,20.616078193930054,0.6343408675055402,21.930069990905817,1.0874414871523546,0.025153812236810052,2.1123037999817287,0.5280759499954322,0.9052730571350266,0.30175768571167555,0.001538640027412177
176,2020-06-27,192,34,36221.0,,35711.0,,15,0,3401.0,1056.0,,,46,5,3246.0,,,,2,1,971.0,,,,3.4110919578692482,0.6040475342060126,3.3958638687716176,1.0202819695412484,0.0023774482683074282,2.745593322717039,0.0,2.5625537678692365,0.2614850783540037,0.0033342234133714984,14.589839952627424,1.5858521687638505,22.881581292164128,1.2686817350110804,0.023484974187375347,1.0561518999908643,0.5280759499954322,1.0561518999908643,0.30175768571167555,0.0018328874895278163
177,2020-06-28,142,28,33290.0,,14929.0,,8,0,2982.0,756.0,,,25,2,3543.0,,,,1,1,1039.0,,,,2.5227867605074645,0.49745091052259865,3.2105887847504455,1.015205939842038,0.002253909031469587,1.4643164387824208,0.0,2.0918806268320296,0.2614850783540037,0.002665852563409328,7.929260843819252,0.6343408675055402,19.48332664481302,1.3139917969757617,0.020528048213996106,0.5280759499954322,0.5280759499954322,0.8298336357071077,0.3771971071395944,0.0014624458255346605
178,2020-06-29,99,17,23778.0,,5928.0,,5,0,2836.0,694.0,,,116,3,3342.0,,,,6,1,700.0,,,,1.758844290776331,0.3020237671030063,3.010085611631643,1.0253579992404585,0.0020593153195403472,0.915197774239013,0.0,1.8565440563134263,0.2614850783540037,0.0022827196975754916,36.79177031532133,0.9515113012583103,21.522279433223684,1.4046119209051247,0.021760332885166274,3.168455699972593,0.5280759499954322,1.2070307428467022,0.4526365285675133,0.0024798962839789078
179,2020-06-30,196,47,31973.0,,22559.0,,10,3,3243.0,967.0,,,26,3,3339.0,,,,3,0,614.0,,,,3.482156373658191,0.8350068855200763,2.9745534037371715,0.9314514498050699,0.0020569407369826387,1.830395548478026,0.5491186645434079,1.8042470406426256,0.23533657051860335,0.0022114404711623525,8.246431277572022,0.9515113012583103,20.38952788410665,1.3139917969757617,0.020627515113854283,1.5842278499862965,0.0,1.4333490071304587,0.3771971071395944,0.0031778953533134822
180,2020-07-01,177,90,40093.0,,26622.0,,8,1,3409.0,956.0,,,32,6,2808.0,,,,1,0,1164.0,,,,3.144600398660713,1.59894935525121,3.1522144432095285,0.9720596873987515,0.002186454155091615,1.4643164387824208,0.1830395548478026,1.7780985328072252,0.15689104701240222,0.002208876350737932,10.149453880088643,1.9030226025166206,19.709876954636425,1.223371673046399,0.019727547722923035,0.5280759499954322,0.0,1.3579095857025398,0.30175768571167555,0.003078796995906871
181,2020-07-02,523,31,42102.0,,29401.0,,5,1,3715.0,973.0,,,41,8,2239.0,,,,7,1,1202.0,,,,9.291672364404254,0.5507492223643057,3.8171743338060633,0.8197787964224458,0.002581901646318108,0.915197774239013,0.1830395548478026,1.7780985328072252,0.13074253917700188,0.0021932923759992473,13.003987783863574,2.537363470022161,15.903831749603185,1.3139917969757617,0.016573836891901266,3.696531649968025,0.5280759499954322,1.8105461142700532,0.3771971071395944,0.003809282712353486
182,2020-07-03,502,45,39436.0,,27525.0,,12,1,3827.0,1263.0,,,26,2,2129.0,,,,4,2,1081.0,427.0,,,8.918584181512305,0.799474677625605,4.64710518962693,0.7411003360846878,0.003106501375633942,2.1964746581736314,0.1830395548478026,1.6473559936302233,0.15689104701240222,0.002079182750509977,8.246431277572022,0.6343408675055402,14.136739332980609,1.3139917969757617,0.015092005132696023,2.1123037999817287,1.0561518999908643,1.8105461142700532,0.4526365285675133,0.003687838844306562
183,2020-07-04,579,27,39783.0,,30553.0,,11,0,4086.0,1270.0,,,34,5,2949.0,,,,0,0,,,,,10.286574185449451,0.479684806575363,5.629316936424101,0.7233342321374521,0.003671545183209089,2.0134351033258286,0.0,1.542761962288622,0.15689104701240222,0.001891794034440512,10.783794747594182,1.5858521687638505,13.593018589404432,1.3139917969757617,0.014714582881008301,0.0,0.0,1.6596672714142153,0.3771971071395944,
184,2020-07-05,492,18,34156.0,,10282.0,,9,0,2917.0,833.0,,,15,1,3393.0,,,,0,0,,,,,8.740923142039948,0.319789871050242,6.517622133785885,0.6979540836414012,0.004634765532174871,1.6473559936302233,0.0,1.5689104701240224,0.15689104701240222,0.0019289109036601101,4.757556506291551,0.3171704337527701,13.139917969757617,1.2686817350110804,0.014338111366693346,0.0,0.0,1.5842278499862965,0.30175768571167555,
185,2020-07-06,331,11,28813.0,,3527.0,,4,0,2823.0,703.0,,,8,0,3054.0,,,,0,0,,,,,5.880580406535006,0.19542714341959233,7.106441578894267,0.6827259945437706,0.005556235999653776,0.7321582193912104,0.0,1.542761962288622,0.15689104701240222,0.0018886250970957961,2.537363470022161,0.0,8.246431277572022,1.1327515491170361,0.009753791474080712,0.0,0.0,1.1315913214187832,0.22631826428375665,
186,2020-07-07,572,50,33708.0,,15750.0,,2,1,2884.0,1158.0,,,2,3,3174.0,,,,5,0,555.0,512.0,,,10.1622114578188,0.8883051973617834,8.060735162345782,0.6903400390925859,0.006446161712874447,0.3660791096956052,0.1830395548478026,1.333573899605419,0.10459403134160149,0.0016199833313940628,0.6343408675055402,0.9515113012583103,7.1589897904196675,1.1327515491170361,0.00873141393393838,2.6403797499771606,0.0,1.282470164274621,0.22631826428375665,
187,2020-07-08,606,52,41250.0,,18050.0,,7,1,3331.0,2491.0,,,13,4,3625.0,,,,4,0,1113.0,115.0,,,10.766258992024815,0.9238374052562547,9.14954353282637,0.5938954748075923,0.007294470905867218,1.2812768839346182,0.1830395548478026,1.3074253917700187,0.10459403134160149,0.0015299226701618411,4.123215638786011,1.2686817350110804,6.29809861309072,1.0421314251876732,0.007615727576872713,2.1123037999817287,0.0,1.5087884285583775,0.22631826428375665,
188,2020-07-09,617,29,43323.0,,22147.0,,6,0,4057.0,6551.0,,,16,2,2301.0,,,,3,0,1346.0,431.0,,,10.961686135444406,0.5152170144698344,9.388116928689247,0.5888194451083821,0.007560023480153437,1.0982373290868157,0.0,1.333573899605419,0.07844552350620111,0.0014583595214053577,5.074726940044322,0.6343408675055402,5.165347063973684,0.7702710533995846,0.005993120743101694,1.5842278499862965,0.0,1.207030742846702,0.15087884285583777,
189,2020-07-10,480,34,39479.0,,21715.0,,18,0,4111.0,13462.0,,,10,0,2632.0,,,,4,0,1204.0,338.0,,,8.52772989467312,0.6040475342060126,9.332280601997935,0.560901281762726,0.007628098282367857,3.2947119872604467,0.0,1.4904649466178213,0.052297015670800744,0.001267893062729844,3.171704337527701,0.0,4.440386072538781,0.6796509294702217,0.00479127586455885,2.1123037999817287,0.0,1.207030742846702,0.0,
190,2020-07-11,806,16,41164.0,,18619.0,,7,0,3870.0,5430.0,,,7,1,2224.0,,,,0,0,,,,,14.319479781471948,0.28425766315577067,9.908409972858292,0.53298311841707,0.008276865357709821,1.2812768839346182,0.0,1.3858709152762196,0.052297015670800744,0.0010820240199863886,2.2201930362693907,0.3171704337527701,3.217014399492382,0.4984106816114959,0.0035938687270513003,0.0,0.0,1.207030742846702,0.0,
191,2020-07-12,615,9,39995.0,,8148.0,,19,0,3149.0,8292.0,,,16,0,2879.0,,,,0,0,,,,,10.926153927549935,0.159894935525121,10.220585799359718,0.5101409847706242,0.008553171340908746,3.4777515421082494,0.0,1.6473559936302233,0.052297015670800744,0.000976408876454979,5.074726940044322,0.0,3.2623244614570637,0.4531006196468144,0.003756242833922419,0.0,0.0,1.207030742846702,0.0,
192,2020-07-13,497,8,27553.0,,2822.0,,6,0,2456.0,2017.0,,,11,0,2943.0,,,,0,2,,,,,8.829753661776126,0.14212883157788533,10.641896264394164,0.5025269402218089,0.009373556136915123,1.0982373290868157,0.0,1.6996530093010243,0.052297015670800744,0.0010059734013294235,3.488874771280471,0.0,3.398254647351108,0.4531006196468144,0.0039159810120813175,0.0,1.0561518999908643,1.207030742846702,0.15087884285583777,
193,2020-07-14,372,42,33719.0,30479.0,11241.0,,3,0,3425.0,1483.0,,,21,2,3110.0,1269.0,,,2,0,1086.0,189.0,,,6.608990668371668,0.746176365783898,10.134293294473146,0.4822228214249681,0.008733515796100004,0.5491186645434079,0.0,1.7258015171364245,0.026148507835400372,0.0010226080286956237,6.660579108808172,0.6343408675055402,4.259145824680055,0.40779055768213296,0.004511051828448051,1.0561518999908643,0.0,0.9807124785629454,0.15087884285583777,
194,2020-07-15,506,24,45491.0,54886.0,13434.0,,5,0,3853.0,2984.0,,,18,2,3511.0,455.0,,,9,0,965.0,350.0,,,8.989648597301247,0.42638649473365603,9.880491809512636,0.41115840563602546,0.008182381823164445,0.915197774239013,0.0,1.6735045014656238,0.0,0.0009553193054350673,5.709067807549862,0.6343408675055402,4.4856961345034625,0.3171704337527701,0.004647104830691256,4.752683549958889,0.0,1.3579095857025398,0.15087884285583777,
195,2020-07-16,597,23,45695.0,70926.0,13532.0,,11,1,4754.0,2557.0,,,18,0,2378.0,1941.0,,,16,0,963.0,402.0,,,10.606364056499693,0.4086203907864203,9.829731512520533,0.39593031653839483,0.007769940370428327,2.0134351033258286,0.1830395548478026,1.8042470406426256,0.026148507835400372,0.001089458059260514,5.709067807549862,0.0,4.576316258432826,0.2265503098234072,0.004249123818867586,8.449215199926915,0.0,2.3386220642654854,0.15087884285583777,
196,2020-07-17,635,25,42297.0,87046.0,13777.0,,17,0,4344.0,10312.0,,,16,1,2610.0,799.0,,,19,0,1183.0,624.0,,,11.281476006494648,0.4441525986808917,10.223123814209323,0.373088182891949,0.007521049106340029,3.1116724324126444,0.0,1.7780985328072254,0.026148507835400372,0.0011088346103830234,5.074726940044322,0.3171704337527701,4.848176630220914,0.27186037178808864,0.004376847589576446,10.033443049913211,0.0,3.4702133856842687,0.15087884285583777,
197,2020-07-18,796,9,42077.0,95722.0,12556.0,,21,0,4461.0,12086.0,,,10,0,2905.0,5.0,,,0,0,,,,,14.141818741999591,0.159894935525121,10.197743665713272,0.35532207894471335,0.006750442458367056,3.8438306518038545,0.0,2.1441776425028305,0.026148507835400372,0.0011826094752027518,3.171704337527701,0.0,4.984106816114958,0.2265503098234072,0.004418125318497875,0.0,0.0,3.4702133856842687,0.15087884285583777,
198,2020-07-19,672,10,36825.0,70439.0,3946.0,,23,0,2771.0,9366.0,,,31,1,2962.0,,,,0,0,,,,,11.938821852542368,0.17766103947235667,10.342410512140763,0.35786009379431843,0.006023327064270712,4.20990976149946,0.0,2.248771673844432,0.026148507835400372,0.0012160862931888982,9.832283446335873,0.3171704337527701,5.663757745585181,0.27186037178808864,0.005119327629930875,0.0,0.0,3.4702133856842687,0.15087884285583777,
199,2020-07-20,535,10,31799.0,55034.0,1720.0,,7,0,2455.0,1651.0,,,15,0,2766.0,4109.0,,,0,0,,,,,9.504865611771082,0.17766103947235667,10.438855076425757,0.3629361234935286,0.004731217800381734,1.2812768839346182,0.0,2.2749201816798323,0.026148507835400372,0.0012680063772354969,4.757556506291551,0.0,5.844997993443906,0.27186037178808864,0.004897061279224157,0.0,0.0,3.4702133856842687,0.0,
200,2020-07-21,399,25,35450.0,35623.0,7716.0,,22,0,4010.0,2118.0,,,22,0,2851.0,2462.0,,,2,0,919.0,660.0,,,7.088675474947031,0.4441525986808917,10.507381477365094,0.31978987105024204,0.004777046758743843,4.026870206651657,0.0,2.7717418305524393,0.026148507835400372,0.0016935537179807029,6.977749542560942,0.0,5.890308055408587,0.18124024785872578,0.004803514323819578,1.0561518999908643,0.0,3.4702133856842687,0.0,
201,2020-07-22,519,16,45084.0,62617.0,9532.0,,10,0,4594.0,5126.0,,,22,1,1759.0,685.0,,,9,0,1043.0,786.0,,,9.220607948615312,0.28425766315577067,10.540375670409961,0.29948575225340124,0.004793848105097736,1.830395548478026,0.0,2.902484369729441,0.026148507835400372,0.001736052529432759,6.977749542560942,0.3171704337527701,6.071548303267313,0.13593018589404432,0.005441094145099145,4.752683549958889,0.0,3.4702133856842687,0.0,
202,2020-07-23,702,9,46700.0,67128.0,9391.0,,16,0,4920.0,6650.0,,,43,0,1695.0,2518.0,,,8,0,1120.0,731.0,,,12.471804970959438,0.159894935525121,10.806867229618495,0.2639535443589299,0.0049565332760605485,2.9286328775648416,0.0,3.033226908906443,0.0,0.0017186674779525546,13.638328651369115,0.0,7.20429985238435,0.13593018589404432,0.006303790185518005,4.224607599963457,0.0,2.8666980142609173,0.0,
203,2020-07-24,688,32,42971.0,66867.0,9698.0,,20,0,4641.0,11697.0,,,45,0,2374.0,3723.0,,,15,0,1143.0,877.0,,,12.223079515698139,0.5685153263115413,10.941382016647566,0.2817196483061656,0.005138881168659437,3.660791096956052,0.0,3.1116724324126444,0.0,0.001727839698496007,14.272669518874654,0.0,8.518291649360112,0.09062012392936289,0.006687678832695663,7.921139249931482,0.0,2.564940328549242,0.0,
204,2020-07-25,710,15,41348.0,78792.0,9586.0,,27,0,4308.0,10466.0,,,30,0,2826.0,3039.0,,,0,0,,,,,12.613933802537323,0.266491559208535,10.723112739581527,0.29694773740379615,0.005168934118093288,4.942067980890671,0.0,3.2685634794250467,0.0,0.0018076143603180295,9.515113012583102,0.0,9.42449288865374,0.09062012392936289,0.006927487889442522,0.0,0.0,2.564940328549242,0.0,
205,2020-07-26,721,7,39428.0,78642.0,3107.0,,4,0,3505.0,5601.0,,,22,1,3080.0,3789.0,,,0,0,,,,,12.809360945956916,0.12436272763064966,10.847475467212178,0.28933369285498084,0.005164029439286385,0.7321582193912104,0.0,2.7717418305524397,0.0,0.0015996485159282417,6.977749542560942,0.3171704337527701,9.016702330971606,0.09062012392936289,0.005889901282118249,0.0,0.0,2.564940328549242,0.0,
206,2020-07-27,616,3,32168.0,55895.0,1623.0,,3,0,2708.0,1607.0,,,45,0,3164.0,4382.0,,,0,0,,,,,10.943920031497171,0.053298311841707004,11.05305467003019,0.2715675889077452,0.005281151643915253,0.5491186645434079,0.0,2.667147799210838,0.0,0.001455423790148332,14.272669518874654,0.0,10.37600418991205,0.09062012392936289,0.00643013073196869,0.0,0.0,2.564940328549242,0.0,
207,2020-07-28,547,21,35561.0,33458.0,5281.0,,4,0,3595.0,3095.0,,,21,0,3257.0,1752.0,,,9,0,989.0,558.0,,,9.71805885913791,0.373088182891949,11.428680867771744,0.2614155295093248,0.005604158759433729,0.7321582193912104,0.0,2.1964746581736314,0.0,0.0010279707894887606,6.660579108808172,0.0,10.33069412794737,0.09062012392936289,0.0064375117082640055,4.752683549958889,0.0,3.093016278544674,0.0,
208,2020-07-29,700,29,46612.0,69112.0,7128.0,,22,0,4653.0,4907.0,,,32,5,2831.0,809.0,,,9,0,1000.0,687.0,,,12.436272763064967,0.5152170144698344,11.888061555550266,0.29440972255419107,0.005788623599114633,4.026870206651657,0.0,2.5102567521984356,0.0,0.0012097491674549583,10.149453880088643,1.5858521687638505,10.783794747594182,0.27186037178808864,0.0064074505839779574,4.752683549958889,0.0,3.093016278544674,0.0,
209,2020-07-30,812,0,47809.0,75507.0,7688.0,,17,0,4456.0,8752.0,,,9,0,1684.0,3138.0,,,8,0,1248.0,725.0,,,14.426076405155362,0.0,12.167243189006827,0.2715675889077452,0.005868763770506442,3.1116724324126444,0.0,2.536405260033836,0.0,0.001196065160583302,2.854533903774931,0.0,9.243252640795014,0.27186037178808864,0.005216013695296174,4.224607599963457,0.0,3.093016278544674,0.0,
210,2020-07-31,814,14,46212.0,85403.0,7844.0,,30,0,4864.0,10443.0,,,26,6,2385.0,3106.0,,,10,0,904.0,717.0,,,14.461608613049833,0.24872545526129933,12.487033060057069,0.22588332161485347,0.005897670650059881,5.491186645434078,0.0,2.7978903383878397,0.0,0.001301171959367341,8.246431277572022,1.9030226025166206,8.382361463466067,0.5437207435761773,0.004838062541137859,5.280759499954321,0.0,2.7158191714050797,0.0,
211,2020-08-01,722,11,43534.0,79840.0,6893.0,,18,0,4310.0,11072.0,,,21,2,3276.0,4970.0,,,0,0,,,,,12.827127049904151,0.19542714341959233,12.51748923825233,0.2157312622164331,0.005921592255969552,3.2947119872604467,0.0,2.5625537678692365,0.0,0.0012072668272649818,6.660579108808172,0.6343408675055402,7.974570905783933,0.6343408675055402,0.004471148225400492,0.0,0.0,2.7158191714050797,0.0,
212,2020-08-02,676,2,39775.0,76164.0,2628.0,,31,0,2934.0,5309.0,,,37,3,3520.0,3297.0,,,0,0,,,,,12.00988626833131,0.035532207894471333,12.4032785700201,0.20304118796840762,0.005889672030296752,5.674226200281881,0.0,3.2685634794250467,0.0,0.0016817662416498686,11.735306048852493,0.9515113012583103,8.654221835254155,0.7249609914349031,0.004788978551867265,0.0,0.0,2.7158191714050797,0.0,
213,2020-08-03,856,1,35388.0,70176.0,1201.0,,18,0,2730.0,3948.0,,,24,0,3599.0,3615.0,,,0,0,,,,,15.20778497883373,0.017766103947235667,13.012402133925324,0.19796515826919744,0.006058543313889687,3.2947119872604467,0.0,3.6607910969560518,0.0,0.0019675046214811297,7.612090410066482,0.0,7.702710533995845,0.7249609914349031,0.004412327137510578,0.0,0.0,2.7158191714050797,0.0,
214,2020-08-04,617,17,37701.0,73029.0,4537.0,,23,0,3971.0,1908.0,,,22,1,2182.0,2479.0,,,8,0,1007.0,1014.0,,,10.961686135444406,0.3020237671030063,13.19006317339768,0.18781309887077705,0.005812340243242179,4.20990976149946,0.0,4.157612745828659,0.0,0.0024409792852981,6.977749542560942,0.3171704337527701,7.748020595960527,0.7702710533995846,0.004487693363246174,4.224607599963457,0.0,2.6403797499771606,0.0,
215,2020-08-05,804,12,48494.0,74139.0,6350.0,,64,0,4676.0,7104.0,,,14,2,2353.0,2200.0,,,10,0,1208.0,571.0,,,14.283947573577477,0.21319324736682801,13.45401671775661,0.14466684642749042,0.005891691302930881,11.714531510259366,0.0,5.255850074915474,0.0,0.002888362421232145,4.440386072538781,0.6343408675055402,6.93243948059626,0.6343408675055402,0.003671077203528134,5.280759499954321,0.0,2.7158191714050797,0.0,
216,2020-08-06,826,15,51326.0,77672.0,6564.0,,66,0,5086.0,10832.0,,,15,3,1565.0,2456.0,,,43,0,1397.0,2217.0,,,14.674801860416661,0.266491559208535,13.489548925651082,0.18273706917156685,0.005885554858103674,12.080610619954971,0.0,6.537126958850092,0.0,0.003296812535630955,4.757556506291551,0.9515113012583103,7.204299852384349,0.7702710533995846,0.003937358612279019,22.707265849803584,0.0,5.356198921382241,0.0,
217,2020-08-07,796,5,50660.0,90624.0,6272.0,,43,0,4667.0,8590.0,,,17,7,2863.0,2156.0,,,15,0,923.0,2230.0,,,14.141818741999591,0.08883051973617834,13.443864658358189,0.159894935525121,0.005835352860286314,7.870700858455512,0.0,6.8770575607102975,0.0,0.0034801956501890165,5.391897373797091,2.2201930362693907,6.796509294702216,0.8155811153642659,0.0037448026075332474,7.921139249931482,0.0,5.733396028521835,0.0,
218,2020-08-08,679,2,47294.0,88693.0,5614.0,,60,0,3863.0,10774.0,,,19,1,2937.0,2579.0,,,0,0,,,,,12.063184580173019,0.035532207894471333,13.334730019825171,0.13705280187867513,0.0057422637735565045,10.982373290868155,0.0,7.975294889797113,0.0,0.00389862446762521,6.026238241302631,0.3171704337527701,6.705889170772854,0.7702710533995846,0.0038730648524224125,0.0,0.0,5.733396028521835,0.0,
219,2020-08-09,988,5,42524.0,85425.0,2598.0,,48,0,3618.0,8673.0,,,26,0,3202.0,3384.0,,,0,0,,,,,17.55291069986884,0.08883051973617834,14.12659065290196,0.14466684642749042,0.006005505711768551,8.785898632694526,0.0,8.41981952299892,0.0,0.003919271588669289,8.246431277572022,0.0,6.207478489161358,0.6343408675055402,0.003661659215387194,0.0,0.0,5.733396028521835,0.0,
220,2020-08-10,699,17,35164.0,93103.0,1246.0,,29,0,2946.0,7373.0,,,12,0,2586.0,4223.0,,,0,1,,,,,12.418506659117732,0.3020237671030063,13.728122321513961,0.18527508402117196,0.005636547201828957,5.308147090586275,0.0,8.707453109188323,0.0,0.0039356904530040565,3.806045205033241,0.0,5.66375774558518,0.6343408675055402,0.003438160486693263,0.0,0.5280759499954322,5.733396028521835,0.07543942142791889,
221,2020-08-11,1035,11,37439.0,77628.0,3961.0,,52,0,3997.0,5588.0,,,13,2,2512.0,5261.0,,,48,0,1035.0,2367.0,,,18.387917585388916,0.19542714341959233,14.789012528648891,0.1700469949235414,0.0061030198133170495,9.518056852085735,0.0,9.465759836414934,0.0,0.004151820950465335,4.123215638786011,0.6343408675055402,5.255967187903047,0.6796509294702217,0.0030027945971960917,25.347645599780744,0.0,8.75097288563859,0.07543942142791889,
222,2020-08-12,925,15,48577.0,77361.0,5978.0,,47,0,4699.0,7179.0,,,8,5,2479.0,3667.0,,,29,0,1000.0,2572.0,,,16.433646151192992,0.266491559208535,15.096112325451108,0.17766103947235667,0.006212612638953364,8.602859077846722,0.0,9.021235203213127,0.0,0.003940957795968389,2.537363470022161,1.5858521687638505,4.984106816114958,0.8155811153642659,0.00274947516045722,15.314202549867533,0.0,10.184321892769049,0.07543942142791889,
223,2020-08-13,1059,18,51213.0,97792.0,6054.0,,47,0,4997.0,7530.0,,,15,0,2155.0,2117.0,,,8,0,337.0,1842.0,,,18.81430408012257,0.319789871050242,15.687469785409094,0.18527508402117196,0.006321367192783927,8.602859077846722,0.0,8.524413554340521,0.0,0.0038846215639698543,4.757556506291551,0.0,4.984106816114958,0.6796509294702217,0.00271816382266921,4.224607599963457,0.0,7.543942142791888,0.07543942142791889,
224,2020-08-14,1284,10,46960.0,87430.0,6315.0,,65,0,4487.0,9504.0,,,18,0,2112.0,3343.0,,,74,1,885.0,4712.0,,,22.811677468250597,0.17766103947235667,16.92602103201638,0.19796515826919742,0.006829780770132374,11.897571065107169,0.0,9.09968072671933,0.0,0.00408494646706775,5.709067807549862,0.0,5.0294168780796396,0.36248049571745156,0.002705677553065395,39.07762029966198,0.5280759499954322,11.994868007039102,0.15087884285583777,
225,2020-08-15,934,2,43910.0,96784.0,6630.0,,51,0,4745.0,10578.0,,,27,1,2665.0,3068.0,,,65,0,2512.0,3497.0,,,16.593541086718112,0.035532207894471333,17.57321481866568,0.19796515826919742,0.007037558695082205,9.335017297237933,0.0,8.864344156200726,0.0,0.003974822082156848,8.563601711324793,0.3171704337527701,5.391897373797091,0.36248049571745156,0.002886399141639465,34.32493674970309,0.0,16.89843039985383,0.15087884285583777,
226,2020-08-16,952,3,44131.0,106998.0,2481.0,,43,0,3849.0,7516.0,,,18,2,2988.0,3774.0,,,27,0,1265.0,4393.0,,,16.913330957768355,0.053298311841707004,17.481846284079896,0.19288912856998724,0.006848776540630875,7.870700858455512,0.0,8.733601617023723,0.0,0.003957429141589084,5.709067807549862,0.6343408675055402,5.02941687807964,0.4531006196468144,0.002702708619673916,14.258050649876669,0.0,18.935294778407638,0.15087884285583777,
227,2020-08-17,634,3,35032.0,106645.0,1132.0,,26,0,2860.0,7344.0,,,14,0,3618.0,3417.0,,,39,0,706.0,2634.0,,,11.263709902547413,0.053298311841707004,17.316875318855566,0.1573569206755159,0.0067143294109245745,4.7590284260428675,0.0,8.655156093517522,0.0,0.003919953505026554,4.440386072538781,0.0,5.120037002009003,0.4531006196468144,0.002735233822792035,20.594962049821852,0.0,21.877432214096476,0.07543942142791889,0.00948379779488519
228,2020-08-18,975,11,36880.0,82869.0,3910.0,,49,0,4056.0,7493.0,,,24,0,2588.0,2872.0,,,41,1,1196.0,2654.0,,,17.321951348554776,0.19542714341959233,17.16459442787926,0.1573569206755159,0.006603977398313003,8.968938187542328,0.0,8.576710570011322,0.0,0.0037510460950800446,7.612090410066482,0.0,5.618447683620499,0.36248049571745156,0.0031242550311328665,21.651113949812718,0.5280759499954322,21.349356264101043,0.15087884285583777,0.008989512538695172
229,2020-08-19,707,15,50560.0,82980.0,5575.0,,50,1,5356.0,5262.0,,,21,0,2432.0,3547.0,,,34,0,1079.0,2009.0,,,12.560635490695617,0.266491559208535,16.61130719066535,0.1573569206755159,0.006343728476623013,9.15197774239013,0.1830395548478026,8.655156093517522,0.026148507835400372,0.003858487472609218,6.660579108808172,0.0,6.207478489161358,0.13593018589404432,0.003440059803929888,17.95458229984469,0.0,21.726553371240637,0.15087884285583777,0.009402607065332566
230,2020-08-20,1035,6,51791.0,98085.0,5838.0,,77,0,4785.0,12116.0,,,19,0,1635.0,2327.0,,,51,0,1415.0,3762.0,,,18.387917585388916,0.10659662368341401,16.550394834274826,0.12690074248025476,0.006319954124814921,14.0940457232808,0.0,9.439611328579534,0.026148507835400372,0.0039733514055312405,6.026238241302631,0.0,6.388718737020083,0.13593018589404432,0.003623534353077772,26.93187344976704,0.0,24.97044849264115,0.15087884285583777,0.010285443680810549
231,2020-08-21,908,2,47689.0,99711.0,6590.0,,71,0,5044.0,10275.0,,,34,0,1411.0,3032.0,,,20,0,1217.0,2248.0,,,16.131622384089987,0.035532207894471333,15.596101250823311,0.10659662368341401,0.005880096522415715,12.995808394193984,0.0,9.596502375591937,0.026148507835400372,0.003971769052068233,10.783794747594182,0.0,7.113679728454986,0.13593018589404432,0.004245357500989084,10.561518999908643,0.0,20.89671973553353,0.07543942142791889,0.009221248992480481
232,2020-08-22,1060,17,47642.0,106695.0,7455.0,,123,0,5583.0,9513.0,,,34,1,1643.0,3378.0,,,71,0,1193.0,4688.0,,,18.832070184069806,0.3020237671030063,15.915891121873553,0.14466684642749042,0.0059081377326117394,22.51386524627972,0.0,11.479194939740763,0.026148507835400372,0.004660272448438697,10.783794747594182,0.3171704337527701,7.430850162207756,0.13593018589404432,0.004539926545583533,37.49339244967568,0.0,21.349356264101043,0.07543942142791889,0.009400630287741095
233,2020-08-23,938,4,43402.0,96520.0,3195.0,,83,0,3612.0,15182.0,,,20,2,1562.0,3461.0,,,119,0,1254.0,6392.0,,,16.664605502507055,0.07106441578894267,15.880358913979082,0.14720486127709553,0.005952702169358952,15.192283052367616,0.0,12.525135253156778,0.026148507835400372,0.004750666320005347,6.343408675055402,0.6343408675055402,7.521470286137119,0.13593018589404432,0.004728462247510077,62.84103804945642,0.0,28.28978303546958,0.07543942142791889,0.010942300172411665
234,2020-08-24,758,3,35026.0,100560.0,821.0,,66,0,3293.0,9145.0,,,19,1,1543.0,3378.0,,,10,0,1288.0,1638.0,,,13.466706792004635,0.053298311841707004,16.195072755330113,0.14720486127709553,0.0061125695453143674,12.080610619954971,0.0,13.571075566572793,0.026148507835400372,0.00514470902854576,6.026238241302631,0.3171704337527701,7.748020595960527,0.18124024785872578,0.004995741406047231,5.280759499954321,0.0,26.102039814059932,0.07543942142791889,0.009762441356696742
235,2020-08-25,1065,16,37099.0,73828.0,3996.0,,44,0,4331.0,12578.0,,,28,0,1356.0,4450.0,,,47,0,910.0,2461.0,,,18.920900703805984,0.28425766315577067,16.42349409179457,0.159894935525121,0.00630010569651673,8.053740413303315,0.0,13.440333027395791,0.026148507835400372,0.0049103337348428144,8.880772145077563,0.0,7.929260843819252,0.18124024785872578,0.005056740394264368,24.81956964978531,0.0,26.554676342627445,0.0,0.010232884165572402
236,2020-08-26,875,13,50386.0,79312.0,5682.0,,67,2,6267.0,15873.0,,,34,1,1450.0,3460.0,,,72,0,1256.0,5154.0,,,15.545340953831209,0.23095935131406367,16.849880586528226,0.15481890582591082,0.006488196776850296,12.263650174802775,0.3660791096956052,13.884857660597598,0.052297015670800744,0.004669935475663746,10.783794747594182,0.3171704337527701,8.51829164936011,0.2265503098234072,0.005544219045540343,38.021468399671114,0.0,29.42137435688836,0.0,0.010264610823239746
237,2020-08-27,1350,10,50486.0,97547.0,6138.0,,68,0,4964.0,19291.0,,,35,1,1465.0,3729.0,,,69,1,1728.0,5251.0,,,23.98424032876815,0.17766103947235667,17.649355264153833,0.1649709652243312,0.006776001143205033,12.446689729650577,0.0,13.649521090078995,0.052297015670800744,0.004419592936433579,11.100965181346954,0.3171704337527701,9.243252640795014,0.27186037178808864,0.005821788570583509,36.437240549684816,0.5280759499954322,30.7792839425909,0.07543942142791889,0.01026968768830135
238,2020-08-28,1106,9,45849.0,105671.0,6994.0,,51,0,6401.0,9253.0,,,34,0,1340.0,3364.0,,,85,0,1246.0,5079.0,,,19.64931096564265,0.159894935525121,18.151882204375642,0.18273706917156685,0.006922851715841475,9.335017297237933,0.0,13.126550933370988,0.052297015670800744,0.004222905215909167,10.783794747594182,0.0,9.243252640795014,0.27186037178808864,0.005761132013179029,44.886455749611734,0.0,35.68284633540563,0.07543942142791889,0.011364934746281327
239,2020-08-29,891,12,45353.0,91445.0,6886.0,,88,0,5448.0,15664.0,,,40,0,1388.0,3651.0,,,89,0,1078.0,4657.0,,,15.82959861698698,0.21319324736682801,17.72295769479238,0.1700469949235414,0.006873491396886674,16.10748082660663,0.0,12.211353159131974,0.052297015670800744,0.003654389760404433,12.686817350110804,0.0,9.515113012583102,0.2265503098234072,0.005927778227844479,46.99875954959346,0.0,37.04075592110817,0.07543942142791889,0.011857215862331717
240,2020-08-30,1487,1,37698.0,94721.0,2309.0,,123,0,4093.0,22693.0,,,56,0,1483.0,5038.0,,,49,0,1087.0,3761.0,,,26.418196569539436,0.017766103947235667,19.116327847225577,0.1624329503747261,0.007507795197988874,22.51386524627972,0.0,13.257293472547989,0.052297015670800744,0.0036794823237957927,17.761544290155125,0.0,11.146275243311635,0.13593018589404432,0.006585771896428323,25.875721549776173,0.0,31.759996421153847,0.07543942142791889,0.011077725475417011
241,2020-08-31,1149,2,35466.0,95713.0,759.0,,160,0,3372.0,22946.0,,,39,0,1197.0,3226.0,,,58,0,1048.0,3903.0,,,20.413253435373782,0.035532207894471333,20.108691653421168,0.159894935525121,0.007955676651404727,29.286328775648418,0.0,15.715253209075623,0.052297015670800744,0.0037899351779316364,12.369646916358034,0.0,12.052476482605263,0.09062012392936289,0.007293849152420698,30.628405099735065,0.0,35.38108864969395,0.07543942142791889,0.012263035488745364
242,2020-09-01,1041,2,31938.0,95735.0,1420.0,,154,0,4620.0,17178.0,,,51,1,1536.0,3197.0,,,49,0,1173.0,3177.0,,,18.494514209072328,0.035532207894471333,20.047779297030647,0.12436272763064966,0.007815753968053661,28.1880914465616,0.0,18.591589070969665,0.052297015670800744,0.004427464293471402,16.175692121391275,0.3171704337527701,13.094607907792938,0.13593018589404432,0.008144250496086221,25.875721549776173,0.0,35.53196749254979,0.07543942142791889,0.01188045227511846
243,2020-09-02,1239,7,41192.0,83091.0,3995.0,,156,1,5955.0,21291.0,,,42,0,1314.0,5462.0,,,71,2,1299.0,4754.0,,,22.01220279062499,0.12436272763064966,20.9716167022869,0.1091346385330191,0.008267760364291709,28.554170556257205,0.1830395548478026,20.918806268320296,0.026148507835400372,0.0048130948892201085,13.321158217616343,0.0,13.457088403510388,0.09062012392936289,0.008040493856502882,37.49339244967568,1.0561518999908643,35.45652807112187,0.22631826428375665,0.011951491061065831
244,2020-09-03,1507,11,53229.0,94034.0,6078.0,,101,1,6217.0,14341.0,,,50,0,1325.0,4613.0,,,77,1,1426.0,6587.0,,,26.77351864848415,0.19542714341959233,21.3700850336749,0.11167265338262419,0.008415166078141429,18.486995039628063,0.1830395548478026,21.78170702688851,0.052297015670800744,0.005114435405303978,15.858521687638504,0.0,14.13673933298061,0.045310061964681445,0.008280750867306213,40.66184814964828,0.5280759499954322,36.06004344254522,0.22631826428375665,0.01191185984432839
245,2020-09-04,1669,9,50562.0,99331.0,6579.0,,159,0,4943.0,13323.0,,,51,0,1832.0,4999.0,,,61,1,1577.0,4792.0,,,29.651627487936327,0.159894935525121,22.79898739400257,0.11167265338262419,0.008922823888507582,29.103289220800615,0.0,24.60574587311175,0.052297015670800744,0.005892541692866223,16.175692121391275,0.0,14.907010386380195,0.045310061964681445,0.008314761271769146,32.21263294972136,0.5280759499954322,34.24949732827517,0.30175768571167555,0.01136027506206102
246,2020-09-05,1477,11,52929.0,107382.0,6780.0,,141,0,5725.0,9893.0,,,77,1,1809.0,4740.0,,,118,0,1577.0,4728.0,,,26.24053553006708,0.19542714341959233,24.286264095871157,0.1091346385330191,0.00929100819849053,25.808577233540166,0.0,25.99161678838797,0.052297015670800744,0.006586798695210332,24.422123398963297,0.3171704337527701,16.58348267907341,0.09062012392936289,0.008860395168787666,62.312962099461,0.0,36.437240549684816,0.30175768571167555,0.011816926599523998
247,2020-09-06,2576,2,47526.0,88631.0,2807.0,,208,0,4248.0,14170.0,,,98,0,1536.0,4978.0,,,106,0,1201.0,3829.0,,,45.76548376807908,0.035532207894471333,27.050162267091107,0.11167265338262419,0.010336588715439533,38.07222740834294,0.0,28.214239954397,0.052297015670800744,0.007544134268551432,31.08270250777147,0.0,18.486505281590027,0.09062012392936289,0.009782806535065303,55.97605069951581,0.0,40.737287571076195,0.30175768571167555,0.013383540588386674
248,2020-09-07,2528,2,36995.0,107859.0,1256.0,,146,0,2878.0,9325.0,,,133,0,1685.0,4196.0,,,141,1,1540.0,5452.0,,,44.91271077861177,0.035532207894471333,30.55008474469653,0.11167265338262419,0.011550266329817356,26.723775007779178,0.0,27.848160844701397,0.052297015670800744,0.008384817376834986,42.18366768911842,0.0,22.745651106270085,0.09062012392936289,0.011753900369835828,74.45870894935594,0.5280759499954322,46.998759549593466,0.3771971071395944,0.01459084041699801
249,2020-09-08,2094,27,41909.0,107697.0,3797.0,,176,3,3870.0,15760.0,,,150,0,1852.0,5319.0,,,40,2,1257.0,1588.0,,,37.20222166551149,0.479684806575363,33.2226143813307,0.17512302462275156,0.012313751152451795,32.21496165321326,0.5491186645434079,28.423428017080205,0.13074253917700188,0.008656388838545404,47.575565062915516,0.0,27.231347240773548,0.045310061964681445,0.013202782940897983,21.123037999817285,1.0561518999908643,46.319804756742194,0.5280759499954322,0.014990181293885702
250,2020-09-09,2286,8,53739.0,104703.0,6184.0,,159,0,6205.0,8136.0,,,165,0,1994.0,7613.0,,,49,0,1750.0,2711.0,,,40.61331362338073,0.14212883157788533,35.879915928867234,0.17766103947235667,0.012887508349664404,29.103289220800615,0.0,28.501873540586406,0.10459403134160149,0.009422314817317621,52.333121569207066,0.0,32.80448486242936,0.045310061964681445,0.014770872865489322,25.875721549776173,0.0,44.66013748532798,0.3771971071395944,0.014883661791947276
251,2020-09-10,2578,13,60550.0,111755.0,5893.0,,161,0,5745.0,11267.0,,,102,0,3876.0,3923.0,,,78,1,2214.0,6329.0,,,45.80101597597355,0.23095935131406367,38.59812983279429,0.18273706917156685,0.013537632237917794,29.46936833049622,0.0,30.070784010710426,0.07844552350620113,0.010072454611102136,32.35138424278255,0.0,35.1606080845928,0.045310061964681445,0.01543633804698546,41.189924099643704,0.5280759499954322,44.735576906755895,0.3771971071395944,0.014815218556593615
252,2020-09-11,3143,6,54415.0,138437.0,5858.0,,175,0,5710.0,6993.0,,,133,0,1956.0,6795.0,,,88,0,1654.0,6488.0,,,55.8388647061617,0.10659662368341401,42.3391637211122,0.17512302462275156,0.014270206981424668,32.031922098365456,0.0,30.489160136076833,0.07844552350620113,0.01079696547817902,42.18366768911842,0.0,38.876033165696676,0.045310061964681445,0.016540952199549413,46.470683599598026,0.0,46.772441285309704,0.30175768571167555,0.014991006205510424
253,2020-09-12,3008,9,54903.0,146607.0,7895.0,,221,0,5823.0,12417.0,,,164,0,2943.0,7394.0,,,104,0,2003.0,6550.0,,,53.44044067328488,0.159894935525121,46.2248644558576,0.1700469949235414,0.01503417987843356,40.45174162136438,0.0,32.58104076290886,0.07844552350620113,0.011238134550494844,52.015951135454294,0.0,42.818008556623965,0.0,0.01712778332436897,54.919898799524944,0.0,45.71628938531884,0.30175768571167555,0.014054459190358325
254,2020-09-13,2837,5,53019.0,132383.0,3043.0,,244,0,4319.0,13984.0,,,162,0,3544.0,7680.0,,,87,0,1634.0,4603.0,,,50.402436898307585,0.08883051973617834,46.88728633160453,0.17766103947235667,0.014554951616578665,44.66165138286384,0.0,33.522387044983276,0.07844552350620113,0.011529255674305511,51.38161026794875,0.0,45.71785252236357,0.0,0.017040474409437067,45.9426076496026,0.0,44.28294037818838,0.30175768571167555,0.01303666709048727
255,2020-09-14,2259,7,42281.0,143011.0,1172.0,,70,0,3467.0,8935.0,,,183,0,3268.0,6699.0,,,109,2,1162.0,4350.0,,,40.13362881680537,0.12436272763064966,46.204560337060755,0.19035111372038213,0.013824194470669586,12.812768839346182,0.0,31.535100449492848,0.07844552350620113,0.010626395652360945,58.04218937675692,0.0,47.98335562059765,0.0,0.016432672759505693,57.5602785495021,1.0561518999908643,41.868878892494976,0.3771971071395944,0.012980828861102994
256,2020-09-15,2649,25,46563.0,131781.0,4666.0,,267,1,4228.0,12846.0,,,110,0,2515.0,5387.0,,,79,1,1731.0,2667.0,,,47.062409356227285,0.4441525986808917,47.61315857859159,0.18527508402117196,0.013937643080205085,48.8715611443633,0.1830395548478026,33.91461466251428,0.026148507835400372,0.011579530410816835,34.88874771280471,0.0,46.17095314201039,0.0,0.015433093007046,41.71800004963914,0.5280759499954322,44.81101632818381,0.30175768571167555,0.013538394056612741
257,2020-09-16,3396,17,62260.0,131580.0,6370.0,,267,1,5797.0,6899.0,,,199,0,2793.0,7038.0,,,129,2,1791.0,4988.0,,,60.33368900481233,0.3020237671030063,50.430355061653245,0.20811721766761782,0.014374194583923309,48.8715611443633,0.1830395548478026,36.73865350873752,0.052297015670800744,0.012999980810303902,63.116916316801245,0.0,47.711495248809555,0.0,0.015871252259064755,68.12179754941074,1.0561518999908643,50.84617004241732,0.4526365285675133,0.014687718496057496
258,2020-09-17,2788,18,68259.0,132918.0,6339.0,,290,0,6214.0,12369.0,,,168,3,3276.0,6521.0,,,149,0,1716.0,4946.0,,,49.53189780489304,0.319789871050242,50.963338180070316,0.22080729191564327,0.014236041308947895,53.08147090586275,0.0,40.111811019504174,0.052297015670800744,0.013877374132921621,53.28463287046537,0.9515113012583103,50.70195933847853,0.13593018589404432,0.016452610365171018,78.68331654931939,0.0,56.202368963799564,0.3771971071395944,0.016578486189895415
259,2020-09-18,3771,23,64639.0,133978.0,6647.0,,203,1,6015.0,11274.0,,,185,1,3396.0,7388.0,,,163,2,1897.0,4612.0,,,66.9959779850257,0.4086203907864203,52.55721150562231,0.2639535443589299,0.014583344475223475,37.15702963410393,0.1830395548478026,40.84396923889538,0.07844552350620111,0.013586702199063506,58.676530244262466,0.3171704337527701,53.058082560641964,0.18124024785872578,0.0167321505729903,86.07637984925545,1.0561518999908643,61.86032557089348,0.5280759499954322,0.01861192818261153
260,2020-09-19,3638,22,66010.0,143544.0,7808.0,,350,3,7411.0,16669.0,,,212,2,3790.0,5961.0,,,222,0,1956.0,7168.0,,,64.63308616004336,0.39085428683918466,54.15616086087353,0.29694773740379615,0.014913925578151436,64.06384419673091,0.5491186645434079,44.21712674966203,0.15689104701240222,0.013932224434885619,67.24013195558726,0.6343408675055402,55.23296553494667,0.27186037178808864,0.017571582252232258,117.23286089898593,0.0,70.7621772993879,0.5280759499954322,0.020350779236123474
261,2020-09-20,3279,18,59280.0,151164.0,2538.0,,245,0,4851.0,10042.0,,,199,0,3187.0,5597.0,,,176,0,1675.0,4089.0,,,58.25505484298575,0.319789871050242,55.277963424398976,0.3299419304486624,0.014970899214817077,44.84469093771164,0.0,44.24327525749743,0.15689104701240222,0.01437787209616894,63.116916316801245,0.0,56.90943782763989,0.27186037178808864,0.018746077947397945,92.94136719919605,0.0,77.47628580647269,0.5280759499954322,0.022720113121269793
262,2020-09-21,3754,9,47580.0,143545.0,994.0,,255,0,3330.0,8963.0,,,234,0,2934.0,6916.0,,,125,2,1554.0,4901.0,,,66.6939542179227,0.159894935525121,59.07229562455859,0.33501796014787255,0.016028060367542705,46.67508648618966,0.0,49.0807492070465,0.15689104701240222,0.016534909473434427,74.2178814981482,0.0,59.22025098783864,0.27186037178808864,0.019516900123232296,66.00949374942901,1.0561518999908643,78.68331654931939,0.5280759499954322,0.022661512718121505
263,2020-09-22,4187,36,50347.0,111746.0,4106.0,,383,1,4492.0,8005.0,,,281,0,2501.0,7279.0,,,75,0,1013.0,3482.0,,,74.38667722707574,0.639579742100484,62.97576246325123,0.3629361234935286,0.01752385349400738,70.1041495067084,0.1830395548478026,52.113976115952944,0.15689104701240222,0.01867912997165998,89.1248918845284,0.0,66.96827158379917,0.27186037178808864,0.021632840107584875,39.60569624965741,0.0,78.38155886360771,0.4526365285675133,0.022479012069740168
264,2020-09-23,5083,33,61546.0,127177.0,5770.0,,486,2,5900.0,6056.0,,,389,2,2459.0,7151.0,,,220,0,2054.0,6017.0,,,90.3051063637989,0.586281430258777,67.25739351453502,0.40354436108721015,0.018801349388739754,88.95722365603207,0.3660791096956052,57.840499331905626,0.1830395548478026,0.021481815794110775,123.37929872982757,0.6343408675055402,75.57718335708864,0.36248049571745156,0.02452377963764225,116.17670899899507,0.0,85.24654621354833,0.30175768571167555,0.0236545448037279
265,2020-09-24,5632,37,67479.0,132121.0,6063.0,,465,2,5896.0,9466.0,,,348,1,3310.0,7720.0,,,189,0,1812.0,4464.0,,,100.05869743083127,0.6573458460477196,74.47550774681191,0.45176664322970694,0.020738998923572564,85.11339300422821,0.3660791096956052,62.41648820310069,0.23533657051860335,0.023576649375719773,110.37531094596399,0.3171704337527701,83.7329945107313,0.27186037178808864,0.026581238316667415,99.80635454913667,0.0,88.26412307066508,0.30175768571167555,0.02476155434575285
266,2020-09-25,5723,31,61481.0,148894.0,6261.0,,558,1,5834.0,10890.0,,,320,3,3970.0,6884.0,,,273,0,1958.0,5452.0,,,101.67541289002972,0.5507492223643057,79.42971273324106,0.4720707620265477,0.02186476031729163,102.13607160507385,0.1830395548478026,71.69920848466782,0.23533657051860335,0.026665742782356127,101.49453880088643,0.9515113012583103,89.8498528759633,0.36248049571745156,0.028342263177604434,144.16473434875297,0.0,96.56245942773616,0.15087884285583777,0.02644724807000048
267,2020-09-26,4639,30,61807.0,158973.0,6276.0,,714,0,5668.0,11850.0,,,370,3,4111.0,7147.0,,,319,1,1494.0,7170.0,,,82.41695621122626,0.53298311841707,81.97026559769576,0.4923748808233885,0.022396883254707088,130.69024216133107,0.0,81.21726533675356,0.15689104701240222,0.030411913308808464,117.35306048852493,0.9515113012583103,97.00884266638296,0.40779055768213296,0.029931428605239205,168.45622804854287,0.5280759499954322,103.88008330624429,0.22631826428375665,0.028231189163649254
268,2020-09-27,4800,16,57474.0,142793.0,2708.0,,344,1,3992.0,13767.0,,,362,0,3310.0,8427.0,,,187,0,1832.0,2894.0,,,85.27729894673121,0.28425766315577067,85.83058618394512,0.48729885112417826,0.023557242858719435,62.9656068676441,0.1830395548478026,83.80596761245819,0.1830395548478026,0.030829024525978663,114.81569701850277,0.0,104.39438276662604,0.40779055768213296,0.031101115383227178,98.7502026491458,0.0,104.7099169419514,0.22631826428375665,0.0295217597606068
269,2020-09-28,3316,13,48428.0,148897.0,1154.0,,222,0,3753.0,9212.0,,,286,0,3119.0,7767.0,,,220,0,1315.0,4409.0,,,58.91240068903347,0.23095935131406367,84.71893567981809,0.49745091052259865,0.02315311209360295,40.63478117621218,0.0,82.94306685388999,0.1830395548478026,0.030311811805513872,90.71074405329225,0.0,106.75050598878947,0.40779055768213296,0.031460534117590304,116.17670899899507,0.0,111.87666197760369,0.07543942142791889,0.0322460208482837
270,2020-09-29,5651,68,50533.0,119633.0,3786.0,,806,0,3607.0,9504.0,,,366,3,2588.0,7218.0,,,320,0,1232.0,4087.0,,,100.39625340582876,1.2080950684120253,88.43458941963993,0.5786673857099617,0.02418292438874486,147.52988120732888,0.0,94.00388566826433,0.15689104701240222,0.034715774931413756,116.08437875351385,0.9515113012583103,110.6018612557874,0.5437207435761773,0.03268795996816538,168.98430399853828,0.0,130.35932022744382,0.07543942142791889,0.03845694638299257
271,2020-09-30,5656,62,58870.0,120666.0,5088.0,,640,7,5349.0,10280.0,,,388,1,3282.0,4537.0,,,424,1,2048.0,5895.0,,,100.48508392556494,1.1014984447286114,89.88887192846366,0.6522698163485094,0.024816065681124575,117.14531510259367,1.2812768839346182,98.030755874916,0.2876335861894041,0.03475869927710234,123.06212829607479,0.3171704337527701,110.55655119382271,0.4984106816114959,0.0339942522321544,223.90420279806324,0.5280759499954322,145.74896219873926,0.15087884285583777,0.04218869643813561
272,2020-10-01,5589,48,64941.0,139425.0,5705.0,,668,3,7321.0,6995.0,,,398,6,3377.0,5760.0,,,259,2,1763.0,4279.0,,,99.29475496110014,0.8527729894673121,89.77973728993064,0.6801879796941656,0.024716271919499377,122.27042263833214,0.5491186645434079,103.33890296550227,0.31378209402480445,0.03710035389913049,126.23383263360249,1.9030226025166206,112.82205429205679,0.7249609914349031,0.03570980048462808,136.77167104881693,1.0561518999908643,151.0297216986936,0.30175768571167555,0.04401039325386084
273,2020-10-02,4797,58,59893.0,143215.0,5282.0,,775,4,5867.0,11918.0,,,462,3,3245.0,6279.0,,,934,1,1424.0,7257.0,,,85.22400063488949,1.0304340289396687,87.42953553919632,0.7487143806335032,0.024255523550678223,141.855655007047,0.7321582193912104,109.01312916578415,0.3922276175310056,0.03855904298485936,146.5327403937798,0.9515113012583103,119.25608309104155,0.7249609914349031,0.03842791638212218,493.22293729573363,0.5280759499954322,200.89517926254797,0.3771971071395944,0.0541174198342503
274,2020-10-03,10806,39,,,,,764,4,,,,,576,5,,,,,726,1,,,,,191.98051925382862,0.692878053942191,103.08147311671095,0.771556514279949,,139.8422199037212,0.7321582193912104,110.32055455755417,0.49682164887260705,,182.69016984159558,1.5858521687638505,128.58995585576594,0.8155811153642659,,383.3831396966837,0.5280759499954322,231.59902378371095,0.3771971071395944,
