,date,newCasesCheshireWestandChester,newDeathsCheshireWestandChester,newCasesLeicester,newDeathsLeicester,newCasesNorthumberland,newDeathsNorthumberland,newCasesNorthYorkshire,newDeathsNorthYorkshire,newCasesWirral,newDeathsWirral,newCasesOxfordshire,newDeathsOxfordshire,newCasesCumbria,newDeathsCumbria,newCasesPerMillionCheshireWestandChester,newCasesPerMillion7DayCheshireWestandChester,newCasesPerMillionLeicester,newCasesPerMillion7DayLeicester,newCasesPerMillionNorthumberland,newCasesPerMillion7DayNorthumberland,newCasesPerMillionNorthYorkshire,newCasesPerMillion7DayNorthYorkshire,newCasesPerMillionWirral,newCasesPerMillion7DayWirral,newCasesPerMillionOxfordshire,newCasesPerMillion7DayOxfordshire,newCasesPerMillionCumbria,newCasesPerMillion7DayCumbria
0,2020-03-13,0,,1,,1,,2,,1,,4,,7,,0.0,,2.8230724061610735,,3.101409900940968,,3.2359632006264825,,3.086314970788029,,5.7831297430700035,,13.999664008063807,
1,2020-03-14,0,,0,,0,,1,,2,,0,,6,,0.0,,0.0,,0.0,,1.6179816003132412,,6.172629941576058,,0.0,,11.999712006911833,
2,2020-03-15,2,,0,,2,,0,,0,,5,,1,,5.829697059792288,,0.0,,6.202819801881936,,0.0,,0.0,,7.228912178837504,,1.9999520011519722,
3,2020-03-16,2,,2,,1,,3,,2,,3,,12,,5.829697059792288,,5.646144812322147,,3.101409900940968,,4.853944800939724,,6.172629941576058,,4.337347307302502,,23.999424013823667,
4,2020-03-17,1,,3,,2,,2,,0,,9,,12,,2.914848529896144,,8.46921721848322,,6.202819801881936,,3.2359632006264825,,0.0,,13.012041921907507,,23.999424013823667,
5,2020-03-18,2,,5,,1,,3,,0,,7,,23,,5.829697059792288,,14.115362030805366,,3.101409900940968,,4.853944800939724,,0.0,,10.120477050372505,,45.998896026495366,
6,2020-03-19,4,,6,,2,,3,,1,,13,,26,,11.659394119584576,4.580476261265369,16.93843443696644,6.8560329863911775,6.202819801881936,3.9875270154955302,4.853944800939724,3.2359632006264825,3.086314970788029,2.6454128321040247,18.79517166497751,8.46815426663822,51.99875202995128,24.856546300031656
7,2020-03-20,3,,2,,1,,8,,2,,5,,12,,8.744545589688432,5.829697059792288,5.646144812322147,7.259329044414188,3.101409900940968,3.9875270154955302,12.94385280250593,4.622804572323546,6.172629941576058,3.086314970788029,7.228912178837504,8.674694614605004,23.999424013823667,26.285083443711635
8,2020-03-21,1,,5,,0,,11,,3,,6,,23,,2.914848529896144,6.246103992634594,14.115362030805366,9.27580933452924,0.0,3.9875270154955302,17.797797603445655,6.93420685848532,9.258944912364086,3.527217109472033,8.674694614605004,9.913936702405719,45.998896026495366,31.14210973222357
9,2020-03-22,3,,7,,3,,2,,5,,8,,16,,8.744545589688432,6.662510925476901,19.761506843127513,12.098881740690315,9.304229702822903,4.430585572772811,3.2359632006264825,7.396487315717675,15.431574853940145,5.7317278028920535,11.566259486140007,10.533557746306077,31.999232018431556,35.42772116326351
10,2020-03-23,5,,11,,7,,13,,7,,22,,27,,14.57424264948072,7.911731724003819,31.053796467771807,15.728546262897408,21.709869306586775,7.088936916436498,21.033760804072138,9.707889601879447,21.604204795516203,7.9362384963120745,31.807213586885016,14.457824357675008,53.99870403110325,39.71333259430345
11,2020-03-24,4,,20,,8,,9,,10,,23,,45,,11.659394119584576,9.160952522530739,56.461448123221466,22.584579249288588,24.811279207527743,9.747288260100184,14.561834402819171,11.325871202192689,30.86314970788029,12.345259883152115,33.25299602265252,17.349389229210008,89.99784005183875,49.14167774259132
12,2020-03-25,5,,5,,8,,12,,6,,15,,47,,14.57424264948072,10.410173321057657,14.115362030805366,22.584579249288588,24.811279207527743,12.848698161041153,19.415779203758895,13.406133259738285,18.517889824728172,14.99067271525614,21.686736536512512,19.001712012944296,93.9977440541427,55.99865603225523
13,2020-03-26,5,,13,,12,,12,,11,,26,,50,,14.57424264948072,10.826580253899964,36.69994128009395,25.40765165544966,37.21691881129161,17.279283733813962,19.415779203758895,15.48639531728388,33.94946467866832,19.39969410209618,37.59034332995502,21.686736536512512,99.99760005759862,62.855634321919126
14,2020-03-27,17,,8,,7,,18,,15,,28,,54,,49.552425008234444,16.65627731369225,22.584579249288588,27.827428003587723,21.709869306586775,19.93763507747765,29.123668805638342,17.797797603445655,46.29472456182043,25.131421904988237,40.48190820149002,26.437164539748586,107.9974080622065,74.85534632883096
15,2020-03-28,11,,11,,10,,13,,13,,22,,29,,32.06333382885758,20.820346642115314,31.053796467771807,30.247204351725784,31.014099009409676,24.36822065025046,21.033760804072138,18.26007806067801,40.122094620244376,29.540443291828275,31.807213586885016,29.74181010721716,57.998608033407194,76.56959090124694
16,2020-03-29,23,,1,,6,,14,,22,,21,,49,,67.04151618761131,29.14848529896144,2.8230724061610735,27.827428003587723,18.608459405645807,25.697396322082305,22.651742404385377,21.033760804072138,67.89892935733664,37.035779649456344,30.361431151117515,32.42683463078537,97.99764805644665,85.99793604953481
17,2020-03-30,16,,5,,7,,31,,18,,39,,34,,46.6375764783383,33.72896156022681,14.115362030805366,25.40765165544966,21.709869306586775,25.697396322082305,50.157429609710476,25.194284919163326,55.55366947418452,41.88570317498039,56.38551499493253,35.938020546220734,67.99836803916706,87.99788805068678
18,2020-03-31,18,,27,,17,,19,,16,,51,,68,,52.46727353813059,39.558658620019095,76.22295496634898,28.230724061610733,52.72396831599645,29.684923337577835,30.741650405951585,27.505687205325103,49.38103953260846,44.531116007084414,73.73490422414254,41.72115028929073,135.99673607833412,94.5691589116147
19,2020-04-01,29,,33,,40,,32,,18,,42,,74,,84.53060736698816,49.552425008234444,93.16138940331543,39.52301368625503,124.0563960376387,43.86279717045083,51.77541121002372,32.12849177764865,55.55366947418452,49.821941671292464,60.72286230223503,47.29773968439395,147.99644808524596,102.28325948748659
20,2020-04-02,26,,24,,25,,19,,52,,70,,67,,75.78606177729974,58.29697059792287,67.75373774786576,43.95927032450814,77.53524752352419,49.62255841505548,30.741650405951585,33.74647337796189,160.4883784809775,67.89892935733664,101.20477050372506,56.38551499493253,133.99678407718216,107.14028577599852
21,2020-04-03,36,,26,,23,,32,,44,,70,,44,,104.93454707626118,66.2087023219267,73.3998825601879,51.218599368922334,71.33242772164226,56.71149533149198,51.77541121002372,36.98243657858837,135.79785871467328,80.68509137917276,101.20477050372506,65.06020960953754,87.99788805068678,104.28321148863856
22,2020-04-04,31,,15,,25,,27,,42,,39,,52,,90.36030442678046,74.53684097877282,42.3460860924161,52.83178360101437,77.53524752352419,63.3573736906512,43.68550320845751,40.218399779214856,129.6252287730972,93.47125340100888,56.38551499493253,68.5713955249729,103.99750405990255,110.85448234956647
23,2020-04-05,32,,20,,23,,22,,43,,49,,79,,93.2751529566766,78.28450337435358,56.461448123221466,60.49440870345157,71.33242772164226,70.88936916436498,35.59559520689131,42.067521608144276,132.71154374388524,102.73019831337297,70.84333935260754,74.35452526804289,157.99620809100583,119.42570521164635
24,2020-04-06,31,,26,,28,,29,,47,,50,,98,,90.36030442678046,84.53060736698816,73.3998825601879,68.96362592193479,86.8394772263471,80.19359886718789,46.921466409084,41.605241150911915,145.05680362703737,115.51636033520909,72.28912178837504,76.62646909567755,195.9952961128933,137.7109806507501
25,2020-04-07,30,,25,,31,,32,,49,,72,,71,,87.44545589688431,89.52749056109585,70.57681015402683,68.15703380588877,96.14370692917,86.39641866906982,51.77541121002372,44.610064122922225,151.22943356861342,130.06613091178122,104.09633537526005,80.96381640298004,141.99659208179003,138.5681029369581
26,2020-04-08,28,,20,,35,,29,,49,,63,,87,,81.61575883709203,89.11108362825354,56.461448123221466,62.914185051589634,108.54934653293387,84.1811258826834,46.921466409084,43.91664343707369,151.22943356861342,143.73409721098534,91.08429345335254,85.30116371028255,173.9958241002216,142.28229951052603
27,2020-04-09,27,,31,,36,,26,,40,,60,,69,,78.70091030719588,89.52749056109585,87.51524459099328,65.7372574577507,111.65075643387485,89.0547700127335,42.067521608144276,45.53462503738693,123.45259883152116,138.4432715467773,86.74694614605005,83.23576023061469,137.9966880794861,142.85371436799804
28,2020-04-10,25,,20,,24,,27,,30,,70,,34,,72.8712132474036,84.94701429983049,56.461448123221466,63.31748110961264,74.43383762258323,89.49782857001078,43.68550320845751,44.37892389430605,92.58944912364086,132.27064160520123,101.20477050372506,83.23576023061469,67.99836803916706,139.99664008063806
29,2020-04-11,15,,17,,39,,24,,35,,31,,25,,43.722727948442156,78.28450337435358,47.99223090473825,64.12407322565866,120.95498613669774,95.70064837189273,38.83155840751779,43.68550320845751,108.02102397758101,129.1843266344132,44.81925550879252,81.5834374468804,49.99880002879931,132.28253950476616
30,2020-04-12,27,,24,,37,,27,,27,,39,,34,,78.70091030719588,76.20246871014204,67.75373774786576,65.7372574577507,114.75216633481581,101.90346817377466,43.68550320845751,44.8412043515384,83.33050421127678,122.12989241546914,56.38551499493253,79.51803396721255,67.99836803916706,119.42570521164635
31,2020-04-13,15,,10,,31,,27,,35,,53,,52,,43.722727948442156,69.53995778466515,28.230724061610733,59.28452052938254,96.14370692917,103.2326438456065,43.68550320845751,44.37892389430605,108.02102397758101,116.83906675126109,76.62646909567754,80.1376550111129,103.99750405990255,106.28316348979052
32,2020-04-14,22,,14,,37,,16,,46,,52,,52,,64.12666765771516,66.2087023219267,39.52301368625503,54.84826389112943,114.75216633481581,105.89099518927019,25.88770560501186,40.68068023644721,141.97048865624933,115.51636033520909,75.18068665991004,76.00684805177718,103.99750405990255,100.8547223438066
33,2020-04-15,22,,15,,25,,44,,40,,38,,36,,64.12666765771516,63.71026072487286,42.3460860924161,52.83178360101437,77.53524752352419,101.46040961649737,71.19119041378262,44.14778366568987,123.45259883152116,111.54824108705304,54.93973255916503,70.84333935260754,71.998272041471,86.2836434782708
34,2020-04-16,29,,10,,46,,32,,30,,49,,37,,84.53060736698816,64.54307459055747,28.230724061610733,44.36256638253115,142.66485544328452,105.89099518927019,51.77541121002372,45.53462503738693,92.58944912364086,107.139219700213,70.84333935260754,68.5713955249729,73.99822404262298,77.14100575871893
35,2020-04-17,31,,12,,39,,26,,29,,47,,31,,90.36030442678046,67.04151618761131,33.87686887393288,41.136197918347065,120.95498613669774,112.5368735484294,42.067521608144276,45.303484808770754,89.50313415285284,106.698317561529,67.95177448107253,63.82096752173682,61.998512035711144,76.28388347251094
36,2020-04-18,24,,18,,52,,26,,45,,45,,24,,69.95636471750745,70.78917858319207,50.81530331089932,41.539493976370075,161.2733148489303,118.29663479303406,42.067521608144276,45.76576526600311,138.8841736854613,111.10733894836903,65.06020960953754,66.71253239327181,47.998848027647334,75.99817604377495
37,2020-04-19,24,,27,,35,,42,,42,,35,,20,,69.95636471750745,69.53995778466515,76.22295496634898,42.74938215043911,108.54934653293387,117.4105176784795,67.95522721315614,49.23286869524577,129.6252287730972,117.7208710286291,50.60238525186253,65.88637100140468,39.99904002303945,71.998272041471
38,2020-04-20,22,,28,,31,,47,,22,,37,,43,,64.12666765771516,72.45480631456128,79.04602737251005,50.0087111948533,96.14370692917,117.4105176784795,76.04513521472234,53.855673267569315,67.89892935733664,111.98914322573705,53.493950123397525,62.58172543393611,85.99793604953481,69.42690518284704
39,2020-04-21,43,,19,,35,,33,,31,,31,,44,,125.33848678553419,81.19935190424972,53.63837571706039,52.02519148496835,108.54934653293387,116.52440056392493,53.39339281033696,57.78505715404433,95.6757640944289,105.37561114547698,44.81925550879252,58.244378126633606,87.99788805068678,67.14124575295907
40,2020-04-22,28,,29,,41,,43,,46,,44,,38,,81.61575883709203,83.69779350130356,81.86909977867113,57.671336297290495,127.15780593857968,123.61333748036142,69.57320881346938,57.553916925428155,141.97048865624933,108.02102397758101,63.61442717377003,59.48362021443432,75.99817604377495,67.71266061043106
41,2020-04-23,29,,22,,30,,56,,39,,64,,39,,84.53060736698816,83.69779350130356,62.107592935543614,62.510888993566624,93.04229702822903,116.52440056392493,90.60696961754151,63.10128241221641,120.36628386073312,111.98914322573705,92.53007588912006,62.58172543393611,77.99812804492691,68.28407546790305
42,2020-04-24,24,,37,,46,,63,,26,,62,,46,,69.95636471750745,80.78294497140742,104.45367902795971,72.59329044414189,142.66485544328452,119.62581046486589,101.9328408197342,71.65347087101497,80.24418924048875,110.66643680968504,89.63851101758505,65.67983065343789,91.99779205299073,72.56968689894299
43,2020-04-25,24,,21,,20,,31,,20,,34,,39,,69.95636471750745,80.78294497140742,59.28452052938254,73.80317861821092,62.02819801881935,105.4479366319929,50.157429609710476,72.80917201409585,61.72629941576058,99.64388334258493,49.156602816095024,63.407886825803246,77.99812804492691,76.85529832998293
44,2020-04-26,17,,7,,16,,67,,17,,50,,39,,49.552425008234444,77.86809644151127,19.761506843127513,65.7372574577507,49.62255841505549,97.02982404372456,108.40476722098717,78.58767772950029,52.46735450339649,88.62132987548483,72.28912178837504,66.50599204530504,77.99812804492691,82.28373947596685
45,2020-04-27,37,,36,,32,,51,,19,,47,,58,,107.84939560615732,84.11420043414586,101.63060662179863,68.96362592193479,99.24511683011097,97.47288260100184,82.51706161597531,79.512238643965,58.63998444497255,87.29862345943282,67.95177448107253,68.5713955249729,115.99721606681439,86.5693509070068
46,2020-04-28,47,,32,,24,,50,,24,,45,,43,,136.99788090511876,85.77982816551508,90.33831699715435,74.20647467623392,74.43383762258323,92.59923847095175,80.89908001566207,83.44162253044001,74.07155929891269,84.2123084886448,65.06020960953754,71.4629603965079,85.99793604953481,86.2836434782708
47,2020-04-29,33,,37,,30,,86,,21,,38,,84,,96.19000148657274,87.86186282972662,104.45367902795971,77.43284314041802,93.04229702822903,87.72559434090167,139.14641762693876,93.38065236093564,64.8126143865486,73.18975502154468,54.93973255916503,70.22371830870718,167.99596809676567,99.42618520012662
48,2020-04-30,31,,42,,48,,60,,16,,60,,64,,90.36030442678046,88.69467669541123,118.56904105876508,85.49876430087822,148.86767524516645,95.70064837189273,97.07889601879448,94.30521327540035,49.38103953260846,63.049005831812586,86.74694614605005,69.39755691684003,127.99692807372622,106.56887091852653
49,2020-05-01,37,,16,,27,,53,,35,,29,,55,,107.84939560615732,94.10796682236122,45.169158498577175,77.029547082395,83.73806732540613,87.28253578362438,85.75302481660178,91.99381098923858,108.02102397758101,67.01712507996862,41.92769063725752,62.58172543393611,109.99736006335847,109.14023777715049
50,2020-05-02,25,,10,,14,,39,,25,,43,,15,,72.8712132474036,94.52437375520353,28.230724061610733,72.59329044414189,43.41973861317355,84.62418443996069,63.101282412216406,93.842932818168,77.15787426970073,69.22163577338864,62.168644738002534,64.44058856563717,29.999280017279585,102.28325948748657
51,2020-05-03,26,,17,,16,,40,,23,,14,,11,,75.78606177729974,98.27203615078427,47.99223090473825,76.626251024372,49.62255841505549,84.62418443996069,64.71926401252965,87.6021466455312,70.98524432812467,71.86704860549267,20.24095410074501,57.00513603883289,21.999472012671696,94.28345148287869
52,2020-05-04,23,,36,,14,,44,,30,,56,,18,,67.04151618761131,92.442339090992,101.63060662179863,76.626251024372,43.41973861317355,76.64913040896963,71.19119041378262,85.98416504521796,92.58944912364086,76.71697213101672,80.96381640298004,58.86399917053396,35.9991360207355,82.85515433343885
53,2020-05-05,27,,25,,15,,58,,36,,64,,39,,78.70091030719588,84.11420043414586,70.57681015402683,73.80317861821092,46.521148514114515,72.66160339347411,93.842932818168,87.83328687414739,111.10733894836903,82.00779779522476,92.53007588912006,62.78826578190289,77.99812804492691,81.71232461849486
54,2020-05-06,34,,55,,33,,51,,20,,40,,31,,99.10485001646889,84.53060736698816,155.26898233885905,81.06250766262511,102.34652673105194,73.99077906530594,82.51706161597531,79.74337887258118,61.72629941576058,81.56689565654077,57.83129743070003,63.201346477836466,61.998512035711144,66.56983089548707
55,2020-05-07,20,,30,,26,,79,,36,,33,,37,,58.29697059792288,79.9501311057228,84.6921721848322,76.22295496634898,80.63665742446516,64.24349080520577,127.82054642474606,84.13504321628855,111.10733894836903,90.38493843022084,47.710820380327526,57.62475708273325,73.99822404262298,58.85573031961518
56,2020-05-08,41,,34,,15,,37,,29,,44,,16,,119.50878972574189,81.61575883709203,95.9844618094765,83.48228401076317,46.521148514114515,58.92678811787839,59.86531921158993,80.43679955842971,89.50313415285284,87.73952559811681,63.61442717377003,60.722862302235036,31.999232018431556,47.71314059891134
57,2020-05-09,18,,18,,10,,32,,16,,48,,4,,52.46727353813059,78.70091030719588,50.81530331089932,86.70865247494726,31.014099009409676,57.154553888769264,51.77541121002372,78.81881795811647,49.38103953260846,83.77140634996078,69.39755691684003,61.75556404206896,7.999808004607889,44.570358882815384
58,2020-05-10,20,,28,,15,,31,,23,,63,,10,,58.29697059792288,76.20246871014204,79.04602737251005,91.14490911320037,46.521148514114515,56.71149533149198,50.157429609710476,76.73855590057087,70.98524432812467,83.77140634996078,91.08429345335254,71.87604109244147,19.999520011519724,44.28465145407939
59,2020-05-11,34,,33,,39,,33,,30,,78,,19,,99.10485001646889,80.78294497140742,93.16138940331543,89.93502093913133,120.95498613669774,67.78795926342401,53.39339281033696,74.19601338579292,92.58944912364086,83.77140634996078,112.77102998986506,76.41992874771076,37.999088021887474,44.570358882815384
60,2020-05-12,32,,39,,24,,46,,24,,48,,9,,93.2751529566766,82.86497963561895,110.09982384028186,95.58116575145348,74.43383762258323,71.77548627891954,74.4271536144091,71.42233064239879,74.07155929891269,78.48058068575273,69.39755691684003,73.11528318024217,17.99956801036775,35.999136020735506
61,2020-05-13,32,,38,,12,,32,,42,,60,,15,,93.2751529566766,82.03216576993434,107.27675143412078,88.72513276506231,37.21691881129161,62.471256576096636,51.77541121002372,67.03066629869141,129.6252287730972,88.18042773680082,86.74694614605005,77.2460901395779,29.999280017279585,31.427817160959567
62,2020-05-14,33,,29,,10,,31,,19,,36,,14,,96.19000148657274,87.44545589688431,81.86909977867113,88.3218367070393,31.014099009409676,55.38231965966014,50.157429609710476,55.93593532511491,58.63998444497255,80.68509137917275,52.04816768763003,77.86571118347825,27.999328016127613,24.856546300031656
63,2020-05-15,23,,43,,8,,22,,17,,29,,6,,67.04151618761131,79.9501311057228,121.39211346492615,91.95150122924639,24.811279207527743,52.28090975871917,35.59559520689131,52.46883189587225,52.46735450339649,75.3942657149647,41.92769063725752,74.76760596397646,11.999712006911833,21.999472012671696
64,2020-05-16,24,,60,,8,,14,,22,,15,,14,,69.95636471750745,82.44857270277664,169.3843443696644,108.88993566621284,24.811279207527743,51.39479264416461,22.651742404385377,48.30830778078106,67.89892935733664,78.03967854706873,21.686736536512512,67.95177448107253,27.999328016127613,24.856546300031656
65,2020-05-17,20,,34,,5,,19,,16,,54,,8,,58.29697059792288,82.44857270277664,95.9844618094765,111.3097120143509,15.507049504704838,46.9642070713918,30.741650405951585,45.53462503738693,49.38103953260846,74.9533635762807,78.07225153144505,66.09291134937146,15.999616009215778,24.285131442559663
66,2020-05-18,30,,34,,8,,12,,19,,46,,13,,87.44545589688431,80.78294497140742,95.9844618094765,111.71300807237391,24.811279207527743,33.22939179579608,19.415779203758895,40.68068023644721,58.63998444497255,70.10344005075666,66.50599204530504,59.48362021443432,25.99937601497564,22.57088687014369
67,2020-05-19,28,,46,,6,,34,,23,,22,,17,,81.61575883709203,79.11731724003819,129.86133068340936,114.53608047853497,18.608459405645807,25.254337764805022,55.011374410650205,37.90699749305308,70.98524432812467,69.66253791207265,31.807213586885016,54.113571167297884,33.99918401958353,24.856546300031656
68,2020-05-20,29,,41,,6,,18,,15,,35,,12,,84.53060736698816,77.86809644151127,115.745968652604,115.745968652604,18.608459405645807,22.595986421141337,29.123668805638342,34.6710342924266,46.29472456182043,57.75818016760454,50.60238525186253,48.95006246812824,23.999424013823667,23.999424013823667
69,2020-05-21,11,,52,,11,,29,,17,,28,,5,,32.06333382885758,68.70714391898053,146.7997651203758,125.02177798713325,34.11550891035065,23.03904497841862,46.921466409084,34.208753835194244,52.46735450339649,56.87637589023653,40.48190820149002,47.29773968439395,9.999760005759862,21.428057155199703
70,2020-05-22,19,,23,,5,,19,,14,,28,,28,,55.38212206802673,67.04151618761131,64.93066534170468,116.95585682667304,15.507049504704838,21.709869306586775,30.741650405951585,33.515333149345715,43.20840959103241,55.553669474184524,40.48190820149002,47.09119933642717,55.99865603225523,27.713620587391617
71,2020-05-23,20,,31,,0,,23,,6,,15,,7,,58.29697059792288,65.37588845624208,87.51524459099328,105.26027114400573,0.0,18.165400848368527,37.21357680720455,35.59559520689131,18.517889824728172,48.49923525524046,21.686736536512512,47.09119933642717,13.999664008063807,25.713668586239645
72,2020-05-24,16,,21,,8,,11,,21,,13,,6,,46.6375764783383,63.71026072487286,59.28452052938254,100.0174223897066,24.811279207527743,19.49457652020037,17.797797603445655,33.74647337796189,64.8126143865486,50.703745948660476,18.79517166497751,38.62304506978895,11.999712006911833,25.142253728767653
73,2020-05-25,8,,26,,10,,16,,15,,12,,2,,23.31878823916915,54.54930820234212,73.3998825601879,96.7910539255225,31.014099009409676,20.38069363475493,25.88770560501186,34.6710342924266,46.29472456182043,48.94013739392446,17.349389229210008,31.60067323891823,3.9999040023039445,21.999472012671696
74,2020-05-26,26,,25,,4,,15,,19,,20,,4,,75.78606177729974,53.716494336657505,70.57681015402683,88.3218367070393,12.405639603763872,19.49457652020037,24.26972400469862,30.27936994871923,58.63998444497255,47.17652883918844,28.915648715350017,31.18759254298466,7.999808004607889,18.285275439103746
75,2020-05-27,14,,33,,23,,28,,18,,19,,8,,40.807879418546015,47.47039034402292,93.16138940331543,85.0954682428552,71.33242772164226,27.02657199391415,45.303484808770754,32.590772234881,55.55366947418452,48.49923525524045,27.469866279582515,27.882946975516088,15.999616009215778,17.142445724159764
76,2020-05-28,25,,34,,10,,35,,15,,13,,9,,72.8712132474036,53.300087403815205,95.9844618094765,77.83613919844102,31.014099009409676,26.583513436636867,56.62935601096344,33.97761360657807,46.29472456182043,47.617430977872445,18.79517166497751,24.7848417560143,17.99956801036775,18.285275439103746
77,2020-05-29,22,,26,,7,,14,,15,,33,,3,,64.12666765771516,54.54930820234212,73.3998825601879,79.04602737251005,21.709869306586775,27.46963055119143,22.651742404385377,32.82191246349718,46.29472456182043,48.05833311655645,47.710820380327526,25.817543495848227,5.999856003455917,11.142589720703846
78,2020-05-30,8,,21,,12,,20,,2,,6,,8,,23.31878823916915,49.552425008234444,59.28452052938254,75.01306679227994,37.21691881129161,32.7863332385188,32.359632006264825,32.12849177764865,6.172629941576058,46.29472456182043,8.674694614605004,23.958680364147156,15.999616009215778,11.42829714943984
79,2020-05-31,12,,28,,4,,18,,7,,5,,4,,34.97818235875373,47.886797276865224,79.04602737251005,77.83613919844102,12.405639603763872,31.014099009409676,29.123668805638342,33.74647337796189,21.604204795516203,40.122094620244376,7.228912178837504,22.306357580412868,7.999808004607889,10.85688229196785
80,2020-06-01,20,,45,,9,,6,,15,,20,,4,,58.29697059792288,52.8836804709729,127.0382582772483,85.49876430087822,27.91268910846871,30.571040452132397,9.707889601879447,31.435071091800115,46.29472456182043,40.122094620244376,28.915648715350017,23.958680364147156,7.999808004607889,11.42829714943984
81,2020-06-02,14,,68,,5,,12,,10,,12,,17,,40.807879418546015,47.886797276865224,191.968923618953,102.84049479586767,15.507049504704838,31.014099009409676,19.415779203758895,30.74165040595158,30.86314970788029,36.15397537208834,17.349389229210008,22.306357580412868,33.99918401958353,15.14249372300779
82,2020-06-03,10,,28,,2,,7,,13,,10,,8,,29.14848529896144,46.221169545496,79.04602737251005,100.82401450575261,6.202819801881936,21.709869306586775,11.325871202192689,25.88770560501186,40.122094620244376,33.94946467866831,14.457824357675008,20.447494448711797,15.999616009215778,15.14249372300779
83,2020-06-04,13,,37,,5,,9,,13,,10,,5,,37.89303088864987,41.22428635138832,104.45367902795971,102.03390267982165,15.507049504704838,19.49457652020037,14.561834402819171,19.878059660991248,40.122094620244376,33.06766040130031,14.457824357675008,19.827873404811438,9.999760005759862,13.999664008063807
84,2020-06-05,5,,28,,0,,10,,4,,15,,2,,14.57424264948072,34.145368493069114,79.04602737251005,102.84049479586767,0.0,16.3931666192594,16.179816003132412,18.95349874652654,12.345259883152115,28.217736875776264,21.686736536512512,16.110147141409293,3.9999040023039445,13.71395657932781
85,2020-06-06,11,,24,,7,,2,,5,,1,,1,,32.06333382885758,35.394589291596034,67.75373774786576,104.0503829699367,21.709869306586775,14.177873832872995,3.2359632006264825,14.792974631435348,15.431574853940145,29.540443291828275,1.4457824357675009,15.077445401575366,1.9999520011519722,11.714004578175839
86,2020-06-07,7,,47,,4,,4,,3,,12,,4,,20.403939709273008,33.3125546273845,132.68440308957045,111.71300807237391,12.405639603763872,14.177873832872995,6.471926401252965,11.557011430808865,9.258944912364086,27.77683473709226,17.349389229210008,16.523227837342866,7.999808004607889,11.714004578175839
87,2020-06-08,6,,59,,2,,2,,7,,9,,1,,17.489091179376864,27.482857567592212,166.56127196350332,117.35915288469604,6.202819801881936,11.076463931932027,3.2359632006264825,10.632450516344157,21.604204795516203,24.24961762762023,13.012041921907507,14.251284009708222,1.9999520011519722,10.85688229196785
88,2020-06-09,6,,65,,6,,5,,3,,7,,9,,17.489091179376864,24.15160210485376,183.49970640046976,116.14926471062701,18.608459405645807,11.51952248920931,8.089908001566206,9.014468916030916,9.258944912364086,21.163302656832197,10.120477050372505,13.218582269874293,17.99956801036775,8.571222862079882
89,2020-06-10,8,,59,,7,,19,,11,,10,,1,,23.31878823916915,23.31878823916915,166.56127196350332,128.65144250934034,21.709869306586775,13.734815275595714,30.741650405951585,11.788151659425044,33.94946467866832,20.28149837946419,14.457824357675008,13.218582269874293,1.9999520011519722,6.571270860927909
90,2020-06-11,6,,76,,0,,7,,9,,7,,6,,17.489091179376864,20.403939709273008,214.55350286824157,144.37998877223774,0.0,11.51952248920931,11.325871202192689,11.325871202192689,27.77683473709226,18.517889824728172,10.120477050372505,12.598961225973936,11.999712006911833,6.856978289663905
91,2020-06-12,9,,56,,3,,10,,9,,13,,1,,26.233636769065296,22.06956744064223,158.0920547450201,155.67227839688204,9.304229702822903,12.848698161041153,16.179816003132412,11.325871202192689,27.77683473709226,20.722400518148195,18.79517166497751,12.185880530040363,1.9999520011519722,6.571270860927909
92,2020-06-13,9,,58,,3,,17,,3,,5,,2,,26.233636769065296,21.23675357495762,163.73819955734226,169.3843443696644,9.304229702822903,11.076463931932029,27.505687205325103,14.79297463143535,9.258944912364086,19.840596240780187,7.228912178837504,13.012041921907507,3.9999040023039445,6.856978289663905
93,2020-06-14,6,,62,,5,,8,,5,,3,,2,,17.489091179376864,20.820346642115314,175.03048918198655,175.43378524000954,15.507049504704838,11.519522489209308,12.94385280250593,15.717535545900057,15.431574853940145,20.722400518148195,4.337347307302502,11.153178790206434,3.9999040023039445,6.285563432191912
94,2020-06-15,8,,77,,2,,20,,15,,10,,6,,23.31878823916915,21.653160507799928,217.37657527440265,182.69311428442376,6.202819801881936,11.519522489209308,32.359632006264825,19.87805966099125,46.29472456182043,24.249617627620225,14.457824357675008,11.35971913817322,11.999712006911833,7.714100575871893
95,2020-06-16,10,,73,,1,,9,,17,,6,,5,,29.14848529896144,23.31878823916915,206.08428564975836,185.91948274860783,3.101409900940968,9.304229702822903,14.561834402819171,20.802620575455958,52.46735450339649,30.422247569196283,8.674694614605004,11.153178790206434,9.999760005759862,6.571270860927909
96,2020-06-17,8,,68,,5,,15,,12,,6,,3,,23.31878823916915,23.31878823916915,191.968923618953,189.54914727081493,15.507049504704838,8.418112588268341,24.26972400469862,19.87805966099125,37.035779649456344,30.86314970788029,8.674694614605004,10.32701739833929,5.999856003455917,7.142685718399901
97,2020-06-18,5,,74,,1,,16,,6,,6,,5,,14.57424264948072,22.902381306326845,208.90735805591942,188.7425551547689,3.101409900940968,8.861171145545622,25.88770560501186,21.958321718536844,18.517889824728172,29.540443291828275,8.674694614605004,10.120477050372505,9.999760005759862,6.856978289663905
98,2020-06-19,7,,79,,2,,6,,4,,5,,6,,20.403939709273008,22.06956744064223,223.0227200867248,198.01836448929814,6.202819801881936,8.418112588268341,9.707889601879447,21.033760804072138,12.345259883152115,27.335932598408256,7.228912178837504,8.46815426663822,11.999712006911833,8.285515433343885
99,2020-06-20,1,,67,,0,,11,,4,,3,,3,,2.914848529896144,18.738311977903784,189.1458512127919,201.64802901150523,0.0,7.088936916436498,17.797797603445655,19.64691943237507,12.345259883152115,27.77683473709226,4.337347307302502,8.055073570704646,5.999856003455917,8.571222862079882
100,2020-06-21,4,,66,,0,,8,,4,,1,,3,,11.659394119584576,17.90549811221917,186.32277880663085,203.2612132435973,0.0,4.873644130050092,12.94385280250593,19.64691943237507,12.345259883152115,27.335932598408256,1.4457824357675009,7.641992874771075,5.999856003455917,8.856930290815878
101,2020-06-22,2,,91,,3,,10,,3,,6,,2,,5.829697059792288,15.407056515165332,256.8995889606577,208.90735805591945,9.304229702822903,5.316702687327373,16.179816003132412,17.3355171462133,9.258944912364086,22.045106934200206,8.674694614605004,6.815831482903932,3.9999040023039445,7.7141005758718935
102,2020-06-23,5,,91,,1,,8,,11,,2,,5,,14.57424264948072,13.325021850953801,256.8995889606577,216.16668710033363,3.101409900940968,5.316702687327373,12.94385280250593,17.104376917597122,33.94946467866832,19.39969410209618,2.8915648715350017,5.989670091036789,9.999760005759862,7.7141005758718935
103,2020-06-24,7,,97,,1,,5,,7,,3,,3,,20.403939709273008,12.908614918111494,273.8380233976241,227.86227278300092,3.101409900940968,3.544468458218249,8.089908001566206,14.79297463143535,21.604204795516203,17.19518340867616,4.337347307302502,5.3700490471364315,5.999856003455917,7.7141005758718935
104,2020-06-25,11,,73,,1,,5,,6,,7,,0,,32.06333382885758,15.407056515165332,206.08428564975836,227.45897672497793,3.101409900940968,3.544468458218249,8.089908001566206,12.250432116657398,18.517889824728172,17.19518340867616,10.120477050372505,5.576589395103217,0.0,6.285563432191913
105,2020-06-26,3,,71,,1,,1,,1,,6,,6,,8.744545589688432,13.741428783796106,200.4381408374362,224.23260826079382,3.101409900940968,3.101409900940968,1.6179816003132412,11.094730973576512,3.086314970788029,15.872476992624149,8.674694614605004,5.783129743070003,11.999712006911833,6.285563432191913
106,2020-06-27,3,,52,,0,,2,,1,,5,,4,,8.744545589688432,14.57424264948072,146.7997651203758,218.1831673904487,0.0,3.101409900940968,3.2359632006264825,9.014468916030916,3.086314970788029,14.549770576572136,7.228912178837504,6.196210439003575,7.999808004607889,6.571270860927909
107,2020-06-28,4,,35,,2,,4,,0,,3,,1,,11.659394119584576,14.57424264948072,98.80753421563757,205.68098959173534,6.202819801881936,3.9875270154955302,6.471926401252965,8.089908001566206,0.0,12.78616202183612,4.337347307302502,6.609291134937147,1.9999520011519722,5.999856003455917
108,2020-06-29,11,,80,,4,,4,,2,,5,,4,,32.06333382885758,18.321905045061474,225.84579249288586,201.24473295348224,12.405639603763872,4.430585572772811,6.471926401252965,6.703066629869142,6.172629941576058,12.345259883152115,7.228912178837504,6.40275078697036,7.999808004607889,6.571270860927909
109,2020-06-30,7,,61,,1,,4,,2,,5,,11,,20.403939709273008,19.154718910746087,172.20741677582546,189.1458512127919,3.101409900940968,4.430585572772811,6.471926401252965,5.778505715404433,6.172629941576058,8.377140634996078,7.228912178837504,7.022371830870718,21.999472012671696,8.285515433343885
110,2020-07-01,5,,70,,0,,3,,1,,3,,6,,14.57424264948072,18.321905045061474,197.61506843127515,178.25685764617063,0.0,3.9875270154955302,4.853944800939724,5.316225258172079,3.086314970788029,5.7317278028920535,4.337347307302502,7.022371830870718,11.999712006911833,9.142637719551873
111,2020-07-02,4,,57,,2,,3,,0,,5,,2,,11.659394119584576,15.407056515165332,160.91512715118117,171.80412071780245,6.202819801881936,4.430585572772811,4.853944800939724,4.853944800939724,0.0,3.086314970788029,7.228912178837504,6.609291134937147,3.9999040023039445,9.714052577023866
112,2020-07-03,2,,64,,0,,2,,3,,5,,1,,5.829697059792288,14.990649582323025,180.6766339943087,168.9810483116414,0.0,3.9875270154955302,3.2359632006264825,5.085085029555901,9.258944912364086,3.9681192481560372,7.228912178837504,6.402750786970361,1.9999520011519722,8.285515433343885
113,2020-07-04,9,,41,,2,,1,,1,,1,,1,,26.233636769065296,17.489091179376864,115.745968652604,164.54479167338826,6.202819801881936,4.873644130050092,1.6179816003132412,4.853944800939724,3.086314970788029,3.9681192481560372,1.4457824357675009,5.576589395103217,1.9999520011519722,7.428393147135897
114,2020-07-05,5,,79,,1,,3,,2,,6,,6,,14.57424264948072,17.90549811221917,223.0227200867248,182.28981822640074,3.101409900940968,4.430585572772811,4.853944800939724,4.622804572323546,6.172629941576058,4.849923525524045,8.674694614605004,6.196210439003575,11.999712006911833,8.856930290815876
115,2020-07-06,0,,79,,3,,1,,8,,4,,13,,0.0,13.325021850953801,223.0227200867248,181.88652216837772,9.304229702822903,3.9875270154955302,1.6179816003132412,3.9293838864750144,24.69051976630423,7.49533635762807,5.7831297430700035,5.989670091036789,25.99937601497564,11.42829714943984
116,2020-07-07,3,,58,,1,,2,,0,,1,,4,,8.744545589688432,11.659394119584576,163.73819955734226,180.6766339943087,3.101409900940968,3.9875270154955302,3.2359632006264825,3.46710342924266,0.0,6.613532080260062,1.4457824357675009,5.163508699169646,7.999808004607889,9.42834514828787
117,2020-07-08,8,,61,,0,,4,,3,,9,,0,,23.31878823916915,12.908614918111494,172.20741677582546,177.0469694721016,0.0,3.9875270154955302,6.471926401252965,3.698243657858837,9.258944912364086,7.49533635762807,13.012041921907507,6.40275078697036,0.0,7.714100575871893
118,2020-07-09,14,,44,,1,,3,,2,,12,,4,,40.807879418546015,17.072684246534557,124.21518587108723,171.80412071780248,3.101409900940968,3.544468458218249,4.853944800939724,3.698243657858837,6.172629941576058,8.377140634996078,17.349389229210008,7.848533222737861,7.999808004607889,8.285515433343885
119,2020-07-10,3,,67,,0,,2,,1,,1,,2,,8.744545589688432,17.489091179376864,189.1458512127919,173.0140088918715,0.0,3.544468458218249,3.2359632006264825,3.698243657858837,3.086314970788029,7.49533635762807,1.4457824357675009,7.022371830870718,3.9999040023039445,8.571222862079882
120,2020-07-11,2,,59,,1,,0,,1,,1,,4,,5.829697059792288,14.57424264948072,166.56127196350332,180.27333793628569,3.101409900940968,3.101409900940968,0.0,3.46710342924266,3.086314970788029,7.49533635762807,1.4457824357675009,7.022371830870718,7.999808004607889,9.42834514828787
121,2020-07-12,3,,26,,0,,1,,0,,3,,3,,8.744545589688432,13.741428783796108,73.3998825601879,158.89864686106614,0.0,2.6583513436636865,1.6179816003132412,3.004822972010305,0.0,6.613532080260062,4.337347307302502,6.40275078697036,5.999856003455917,8.571222862079882
122,2020-07-13,0,,50,,0,,5,,1,,6,,8,,0.0,13.741428783796108,141.15362030805366,147.20306117839883,0.0,1.3291756718318435,8.089908001566206,3.9293838864750144,3.086314970788029,3.527217109472033,8.674694614605004,6.815831482903932,15.999616009215778,7.142685718399901
123,2020-07-14,7,,39,,0,,3,,2,,7,,6,,20.403939709273008,15.407056515165332,110.09982384028186,139.54043607596162,0.0,0.8861171145545622,4.853944800939724,4.160524115091191,6.172629941576058,4.409021386840041,10.120477050372505,8.055073570704646,11.999712006911833,7.714100575871893
124,2020-07-15,3,,39,,1,,0,,1,,5,,10,,8.744545589688432,13.325021850953801,110.09982384028186,130.6679227994554,3.101409900940968,1.3291756718318435,0.0,3.2359632006264825,3.086314970788029,3.527217109472033,7.228912178837504,7.228912178837503,19.999520011519724,10.571174863231853
125,2020-07-16,6,,46,,2,,1,,0,,3,,11,,17.489091179376864,9.99376638821535,129.86133068340936,131.4745149155014,6.202819801881936,1.7722342291091244,1.6179816003132412,2.773682743394128,0.0,2.6454128321040247,4.337347307302502,5.3700490471364315,21.999472012671696,12.571126864383826
126,2020-07-17,3,,35,,2,,2,,0,,4,,12,,8.744545589688432,9.99376638821535,98.80753421563757,118.56904105876508,6.202819801881936,2.658351343663687,3.2359632006264825,2.773682743394128,0.0,2.2045106934200205,5.7831297430700035,5.989670091036789,23.999424013823667,15.428201151743787
127,2020-07-18,2,,34,,0,,1,,4,,6,,6,,5.829697059792288,9.99376638821535,95.9844618094765,108.48663960818982,0.0,2.2152927863864056,1.6179816003132412,3.004822972010305,12.345259883152115,3.527217109472033,8.674694614605004,7.022371830870718,11.999712006911833,15.999616009215778
128,2020-07-19,1,,19,,0,,0,,0,,3,,2,,2.914848529896144,9.160952522530739,53.63837571706039,105.66356720202874,0.0,2.2152927863864056,0.0,2.773682743394128,0.0,3.527217109472033,4.337347307302502,7.022371830870718,3.9999040023039445,15.713908580479782
129,2020-07-20,4,,32,,2,,2,,5,,12,,9,,11.659394119584576,10.826580253899964,90.33831699715435,98.40423815761456,6.202819801881936,3.101409900940968,3.2359632006264825,2.0802620575455957,15.431574853940145,5.290825664208049,17.349389229210008,8.261613918671433,17.99956801036775,15.999616009215778
130,2020-07-21,3,,28,,1,,0,,2,,14,,8,,8.744545589688432,9.160952522530739,79.04602737251005,93.96798151936144,3.101409900940968,3.544468458218249,0.0,1.386841371697064,6.172629941576058,5.290825664208049,20.24095410074501,9.707396354438934,15.999616009215778,16.57103086668777
131,2020-07-22,0,,47,,1,,4,,2,,7,,11,,0.0,7.911731724003819,132.68440308957045,97.19434998354552,3.101409900940968,3.544468458218249,6.471926401252965,2.311402286161773,6.172629941576058,5.7317278028920535,10.120477050372505,10.120477050372505,21.999472012671696,16.856738295423767
132,2020-07-23,2,,42,,2,,1,,2,,9,,8,,5.829697059792288,6.246103992634594,118.56904105876508,95.58116575145348,6.202819801881936,3.544468458218249,1.6179816003132412,2.311402286161773,6.172629941576058,6.613532080260062,13.012041921907507,11.35971913817322,15.999616009215778,15.999616009215778
133,2020-07-24,6,,29,,0,,5,,1,,8,,4,,17.489091179376864,7.495324791161513,81.86909977867113,93.16138940331543,0.0,2.658351343663687,8.089908001566206,3.004822972010305,3.086314970788029,7.054434218944066,11.566259486140007,12.185880530040363,7.999808004607889,13.71395657932781
134,2020-07-25,3,,14,,0,,3,,1,,6,,1,,8.744545589688432,7.911731724003819,39.52301368625503,85.09546824285522,0.0,2.658351343663687,4.853944800939724,3.46710342924266,3.086314970788029,5.7317278028920535,8.674694614605004,12.185880530040363,1.9999520011519722,12.28541943564783
135,2020-07-26,3,,17,,1,,2,,0,,3,,7,,8.744545589688432,8.744545589688432,47.99223090473825,84.28887612680919,3.101409900940968,3.101409900940968,3.2359632006264825,3.9293838864750144,0.0,5.7317278028920535,4.337347307302502,12.185880530040363,13.999664008063807,13.71395657932781
136,2020-07-27,6,,45,,0,,1,,1,,12,,12,,17.489091179376864,9.577359455373044,127.0382582772483,89.53172488110833,0.0,2.2152927863864056,1.6179816003132412,3.698243657858837,3.086314970788029,3.9681192481560372,17.349389229210008,12.185880530040363,23.999424013823667,14.571078865535798
137,2020-07-28,2,,19,,1,,6,,1,,4,,11,,5.829697059792288,9.160952522530739,53.63837571706039,85.90206035890124,3.101409900940968,2.2152927863864056,9.707889601879447,5.085085029555901,3.086314970788029,3.527217109472033,5.7831297430700035,10.120477050372505,21.999472012671696,15.428201151743787
138,2020-07-29,3,,39,,0,,8,,7,,6,,11,,8.744545589688432,10.410173321057657,110.09982384028186,82.67569189471715,0.0,1.7722342291091244,12.94385280250593,6.00964594402061,21.604204795516203,5.7317278028920535,8.674694614605004,9.913936702405719,21.999472012671696,15.428201151743787
139,2020-07-30,3,,41,,1,,1,,4,,9,,6,,8.744545589688432,10.826580253899964,115.745968652604,82.27239583669413,3.101409900940968,1.3291756718318435,1.6179816003132412,6.00964594402061,12.345259883152115,6.613532080260062,13.012041921907507,9.913936702405719,11.999712006911833,14.856786294271794
140,2020-07-31,8,,18,,0,,3,,1,,4,,11,,23.31878823916915,11.659394119584576,50.81530331089932,77.83613919844102,0.0,1.3291756718318435,4.853944800939724,5.547365486788256,3.086314970788029,6.613532080260062,5.7831297430700035,9.087775310538575,21.999472012671696,16.856738295423767
141,2020-08-01,2,,28,,0,,1,,4,,1,,5,,5.829697059792288,11.242987186742269,79.04602737251005,83.48228401076317,0.0,1.3291756718318435,1.6179816003132412,5.085085029555901,12.345259883152115,7.9362384963120745,1.4457824357675009,8.055073570704646,9.999760005759862,17.99956801036775
142,2020-08-02,0,,13,,2,,4,,0,,3,,5,,0.0,9.99376638821535,36.69994128009395,81.86909977867113,6.202819801881936,1.7722342291091244,6.471926401252965,5.547365486788256,0.0,7.9362384963120745,4.337347307302502,8.055073570704646,9.999760005759862,17.42815315289576
143,2020-08-03,3,,33,,2,,1,,1,,9,,10,,8.744545589688432,8.744545589688432,93.16138940331543,77.029547082395,6.202819801881936,2.658351343663687,1.6179816003132412,5.547365486788256,3.086314970788029,7.9362384963120745,13.012041921907507,7.43545252680429,19.999520011519724,16.856738295423767
144,2020-08-04,4,,27,,0,,7,,2,,11,,9,,11.659394119584576,9.577359455373044,76.22295496634898,80.25591554657909,0.0,2.2152927863864056,11.325871202192689,5.778505715404433,6.172629941576058,8.377140634996078,15.903606793442508,8.88123496257179,17.99956801036775,16.285323437951774
145,2020-08-05,5,,45,,1,,7,,2,,2,,3,,14.57424264948072,10.410173321057657,127.0382582772483,82.67569189471715,3.101409900940968,2.658351343663687,11.325871202192689,5.547365486788256,6.172629941576058,6.172629941576058,2.8915648715350017,8.055073570704646,5.999856003455917,13.999664008063807
146,2020-08-06,4,,46,,1,,6,,2,,8,,15,,11.659394119584576,10.826580253899964,129.86133068340936,84.6921721848322,3.101409900940968,2.658351343663687,9.707889601879447,6.703066629869142,6.172629941576058,5.290825664208049,11.566259486140007,7.848533222737862,29.999280017279585,16.57103086668777
147,2020-08-07,3,,37,,0,,4,,6,,10,,12,,8.744545589688432,8.744545589688432,104.45367902795971,92.35479728726939,0.0,2.658351343663687,6.471926401252965,6.93420685848532,18.517889824728172,7.49533635762807,14.457824357675008,9.087775310538577,23.999424013823667,16.856738295423767
148,2020-08-08,1,,38,,1,,1,,0,,6,,7,,2.914848529896144,8.328138656846125,107.27675143412078,96.3877578674995,3.101409900940968,3.101409900940968,1.6179816003132412,6.93420685848532,0.0,5.7317278028920535,8.674694614605004,10.120477050372505,13.999664008063807,17.42815315289576
149,2020-08-09,0,,20,,0,,3,,0,,4,,3,,0.0,8.328138656846125,56.461448123221466,99.21083027366058,0.0,2.2152927863864056,4.853944800939724,6.703066629869142,0.0,5.7317278028920535,5.7831297430700035,10.327017398339292,5.999856003455917,16.856738295423767
150,2020-08-10,4,,36,,2,,8,,2,,16,,14,,11.659394119584576,8.744545589688432,101.63060662179863,100.4207184477296,6.202819801881936,2.2152927863864056,12.94385280250593,8.321048230182383,6.172629941576058,6.172629941576058,23.132518972280014,11.772799834106792,27.999328016127613,17.99956801036775
151,2020-08-11,3,,28,,5,,6,,5,,13,,9,,8.744545589688432,8.328138656846125,79.04602737251005,100.82401450575261,15.507049504704838,4.430585572772811,9.707889601879447,8.089908001566206,15.431574853940145,7.49533635762807,18.79517166497751,12.185880530040365,17.99956801036775,17.99956801036775
152,2020-08-12,0,,24,,8,,8,,0,,7,,9,,0.0,6.246103992634594,67.75373774786576,92.35479728726939,24.811279207527743,7.531995473713779,12.94385280250593,8.321048230182383,0.0,6.613532080260062,10.120477050372505,13.218582269874293,17.99956801036775,19.713812582783728
153,2020-08-13,7,,32,,3,,8,,4,,6,,5,,20.403939709273008,7.495324791161513,90.33831699715435,86.70865247494726,9.304229702822903,8.418112588268341,12.94385280250593,8.783328687414738,12.345259883152115,7.49533635762807,8.674694614605004,12.80550157394072,9.999760005759862,16.856738295423767
154,2020-08-14,4,,29,,0,,15,,1,,13,,13,,11.659394119584576,7.911731724003819,81.86909977867113,83.48228401076317,0.0,8.418112588268341,24.26972400469862,11.325871202192689,3.086314970788029,5.290825664208049,18.79517166497751,13.425122617841078,25.99937601497564,17.142445724159764
155,2020-08-15,3,,17,,0,,2,,2,,9,,1,,8.744545589688432,8.744545589688432,47.99223090473825,75.01306679227994,0.0,7.9750540309910605,3.2359632006264825,11.557011430808867,6.172629941576058,6.172629941576058,13.012041921907507,14.044743661741435,1.9999520011519722,15.428201151743785
156,2020-08-16,0,,11,,2,,3,,3,,6,,2,,0.0,8.744545589688432,31.053796467771807,71.38340227007285,6.202819801881936,8.861171145545622,4.853944800939724,11.557011430808867,9.258944912364086,7.49533635762807,8.674694614605004,14.457824357675008,3.9999040023039445,15.14249372300779
157,2020-08-17,3,,49,,4,,8,,2,,14,,7,,8.744545589688432,8.328138656846125,138.3305479018926,76.626251024372,12.405639603763872,9.747288260100184,12.94385280250593,11.557011430808867,6.172629941576058,7.49533635762807,20.24095410074501,14.044743661741435,13.999664008063807,13.142541721855817
158,2020-08-18,3,,34,,1,,8,,2,,11,,5,,8.744545589688432,8.328138656846125,95.9844618094765,79.04602737251005,3.101409900940968,7.9750540309910605,12.94385280250593,12.01929188804122,6.172629941576058,6.172629941576058,15.903606793442508,13.631662965807864,9.999760005759862,11.999712006911833
159,2020-08-19,8,,18,,8,,6,,6,,14,,8,,23.31878823916915,11.659394119584576,50.81530331089932,76.626251024372,24.811279207527743,7.9750540309910605,9.707889601879447,11.557011430808867,18.517889824728172,8.818042773680082,20.24095410074501,15.077445401575364,15.999616009215778,11.714004578175837
160,2020-08-20,7,,21,,7,,7,,4,,17,,3,,20.403939709273008,11.659394119584576,59.28452052938254,72.18999438611888,21.709869306586775,9.747288260100184,11.325871202192689,11.325871202192689,12.345259883152115,8.818042773680082,24.578301408047512,17.349389229210008,5.999856003455917,11.142589720703846
161,2020-08-21,2,,23,,6,,3,,5,,18,,2,,5.829697059792288,10.826580253899964,64.93066534170468,69.77021803798081,18.608459405645807,12.405639603763872,4.853944800939724,8.552188458798561,15.431574853940145,10.581651328416099,26.024083843815013,18.382090969043936,3.9999040023039445,7.999808004607889
162,2020-08-22,5,,8,,10,,2,,6,,10,,5,,14.57424264948072,11.659394119584576,22.584579249288588,66.14055351577372,31.014099009409676,16.836225176536683,3.2359632006264825,8.552188458798561,18.517889824728172,12.345259883152115,14.457824357675008,18.588631317010723,9.999760005759862,9.142637719551873
163,2020-08-23,2,,10,,2,,2,,6,,10,,5,,5.829697059792288,12.492207985269188,28.230724061610733,65.73725745775072,6.202819801881936,16.836225176536683,3.2359632006264825,8.321048230182383,18.517889824728172,13.667966299204128,14.457824357675008,19.41479270887787,9.999760005759862,9.999760005759862
164,2020-08-24,4,,17,,1,,4,,16,,12,,3,,11.659394119584576,12.908614918111494,47.99223090473825,52.83178360101437,3.101409900940968,15.507049504704838,6.471926401252965,7.396487315717674,49.38103953260846,19.840596240780187,17.349389229210008,19.001712012944296,5.999856003455917,8.856930290815878
165,2020-08-25,1,,11,,3,,4,,16,,7,,2,,2.914848529896144,12.075801052426883,31.053796467771807,43.55597426648513,9.304229702822903,16.3931666192594,6.471926401252965,6.471926401252965,49.38103953260846,26.01322618235624,10.120477050372505,18.175550621077154,3.9999040023039445,7.999808004607889
166,2020-08-26,8,,12,,4,,5,,13,,14,,2,,23.31878823916915,12.075801052426883,33.87686887393288,41.136197918347065,12.405639603763872,14.620932390150276,8.089908001566206,6.2407861726367875,40.122094620244376,29.099541153144273,20.24095410074501,18.175550621077154,3.9999040023039445,6.285563432191913
167,2020-08-27,3,,13,,4,,14,,15,,8,,12,,8.744545589688432,10.410173321057657,36.69994128009395,37.90982945416298,12.405639603763872,13.291756718318434,22.651742404385377,7.858767772950029,46.29472456182043,33.94946467866832,11.566259486140007,16.31668748937608,23.999424013823667,8.856930290815878
168,2020-08-28,3,,20,,2,,6,,25,,10,,5,,8.744545589688432,10.826580253899964,56.461448123221466,36.69994128009395,6.202819801881936,11.51952248920931,9.707889601879447,8.552188458798561,77.15787426970073,42.7675074523484,14.457824357675008,14.664364705641793,9.999760005759862,9.714052577023866
169,2020-08-29,5,,9,,9,,10,,6,,3,,1,,14.57424264948072,10.826580253899964,25.40765165544966,37.10323733811696,27.91268910846871,11.076463931932029,16.179816003132412,10.401310287727979,18.517889824728172,42.7675074523484,4.337347307302502,13.218582269874293,1.9999520011519722,8.571222862079882
170,2020-08-30,3,,10,,6,,2,,7,,6,,1,,8.744545589688432,11.242987186742269,28.230724061610733,37.10323733811696,18.608459405645807,12.848698161041153,3.2359632006264825,10.401310287727979,21.604204795516203,43.20840959103241,8.674694614605004,12.39242087800715,1.9999520011519722,7.428393147135897
171,2020-08-31,8,,15,,7,,10,,23,,10,,9,,23.31878823916915,12.908614918111494,42.3460860924161,36.29664522207094,21.709869306586775,15.50704950470484,16.179816003132412,11.788151659425044,70.98524432812467,46.29472456182043,14.457824357675008,11.979340182073578,17.99956801036775,9.142637719551873
172,2020-09-01,8,,30,,17,,26,,26,,16,,9,,23.31878823916915,15.823463448007638,84.6921721848322,43.95927032450814,52.72396831599645,21.709869306586775,42.067521608144276,16.873236688980946,80.24418924048875,50.703745948660476,23.132518972280014,13.83820331377465,17.99956801036775,11.142589720703846
173,2020-09-02,13,,43,,9,,26,,33,,13,,16,,37.89303088864987,17.90549811221917,121.39211346492615,56.461448123221466,27.91268910846871,23.92516209297318,42.067521608144276,21.727181489920667,101.84839403600495,59.52178872234056,18.79517166497751,13.631662965807864,31.999232018431556,15.14249372300779
174,2020-09-03,14,,29,,11,,36,,32,,16,,9,,40.807879418546015,22.485974373484538,81.86909977867113,62.914185051589634,34.11550891035065,27.02657199391415,58.247337611276684,26.81226651947657,98.76207906521692,67.01712507996862,23.132518972280014,15.28398574954215,17.99956801036775,14.285371436799801
175,2020-09-04,6,,34,,6,,30,,42,,16,,9,,17.489091179376864,23.73519517201146,95.9844618094765,68.56032986391179,18.608459405645807,28.798806223023274,48.53944800939724,32.359632006264825,129.6252287730972,74.5124614375967,23.132518972280014,16.523227837342866,17.99956801036775,15.428201151743785
176,2020-09-05,13,,34,,7,,21,,20,,20,,6,,37.89303088864987,27.066450634749906,95.9844618094765,78.64273131448705,21.709869306586775,27.91268910846871,33.97761360657807,34.902174521042774,61.72629941576058,80.68509137917275,28.915648715350017,20.034413752778224,11.999712006911833,16.856738295423767
177,2020-09-06,5,,23,,8,,23,,29,,13,,12,,14.57424264948072,27.89926450043452,64.93066534170468,83.88558006878618,24.811279207527743,28.798806223023274,37.21357680720455,39.7561193219825,89.50313415285284,90.38493843022084,18.79517166497751,21.480196188545726,23.999424013823667,19.99952001151972
178,2020-09-07,8,,37,,7,,25,,18,,4,,2,,23.31878823916915,27.89926450043452,104.45367902795971,92.75809334529241,21.709869306586775,28.798806223023274,40.44954000783103,43.22322275122516,55.55366947418452,88.18042773680082,5.7831297430700035,20.24095410074501,3.9999040023039445,17.99956801036775
179,2020-09-08,0,,2,,4,,3,,3,,2,,1,,0.0,24.56800903769607,5.646144812322147,81.46580372064811,12.405639603763872,23.03904497841862,4.853944800939724,37.90699749305308,9.258944912364086,78.03967854706873,2.8915648715350017,17.34938922921001,1.9999520011519722,15.713908580479782
